"","po01","po02","po03","si01","si02","si03","it01","it02","it03","ie01","ac01","ac02","ac03","ac04","ai01","ai02","ai03","ai04","iv01","iv02","iv03","bd01","bd02","bd03","bd04","de01","de02"
"1",5,6,7,6,6,6,7,7,6,5,6,6,6,6,7,7,7,7,6,5,4,"no",20,6,2022-01-25,"man",26
"2",3,4,4,4,6,6,6,6,4,5,5,7,3,6,3,5,6,5,4,6,2,"yes",15,2,2022-08-03,"women",42
"3",5,6,5,4,5,5,6,7,7,7,6,7,5,7,6,5,7,4,7,4,6,"yes",10,1,2023-07-14,"women",38
"4",4,3,6,6,6,6,6,5,6,4,5,4,7,7,6,7,7,6,7,7,4,"yes",18,3,2022-06-06,"women",48
"5",4,5,7,6,5,4,5,6,6,4,7,6,5,7,7,4,4,5,6,4,4,"no",14,4,2022-11-04,"women",51
"6",3,3,5,4,4,6,4,6,6,4,7,5,6,6,3,5,6,5,6,4,5,"no",15,3,2023-07-27,"women",50
"7",7,5,6,7,7,7,6,6,7,3,4,7,6,6,6,6,7,6,5,4,5,"yes",16,4,2023-09-09,"women",18
"8",6,6,3,6,7,6,4,4,6,4,4,3,6,6,7,5,3,7,7,5,6,"no",15,4,2022-05-04,"man",24
"9",5,5,4,5,2,4,7,7,7,7,5,6,5,5,7,6,6,7,6,6,5,"yes",22,4,2022-05-14,"man",43
"10",7,6,7,7,7,6,7,7,7,7,7,7,7,7,6,5,7,5,7,7,6,"yes",27,8,2022-10-31,"women",34
"11",5,6,4,5,3,3,6,4,6,7,5,5,3,7,6,6,7,5,6,5,4,"yes",16,4,2022-07-01,"man",37
"12",3,5,3,7,6,5,5,5,1,4,7,6,7,7,6,5,6,7,4,4,5,"yes",13,3,2022-01-30,"man",41
"13",5,5,3,3,4,4,3,5,5,4,4,3,4,4,7,5,4,5,6,5,5,"yes",15,3,2023-10-09,"women",18
"14",7,6,6,7,4,6,6,6,7,7,7,7,6,6,6,6,6,7,7,7,6,"yes",28,8,2023-06-17,"women",56
"15",7,7,4,3,6,4,7,7,6,3,6,4,5,4,5,5,6,4,3,3,4,"yes",19,4,2023-01-30,"women",34
"16",5,4,7,7,5,6,5,6,6,6,6,7,7,5,4,4,6,6,4,5,6,"yes",18,4,2022-07-08,"women",58
"17",5,6,6,5,5,6,5,3,7,7,3,3,3,6,4,5,5,7,1,2,1,"yes",20,4,2023-01-15,"women",41
"18",3,5,6,7,6,6,6,5,6,7,6,6,5,7,6,5,4,6,6,7,6,"yes",18,2,2022-02-12,"women",26
"19",3,5,5,4,5,4,6,7,6,5,7,5,4,5,6,6,5,6,6,6,6,"yes",15,4,2022-12-21,"man",46
"20",5,7,1,7,5,7,6,5,5,5,5,6,7,6,3,7,7,7,4,5,5,"yes",19,5,2023-02-03,"man",48
"21",6,5,4,5,7,7,3,4,4,7,7,7,5,6,6,5,5,6,4,3,5,"yes",15,4,2023-03-28,"man",36
"22",7,6,6,7,6,6,5,5,5,6,6,7,5,4,7,5,4,6,7,5,5,"yes",19,3,2022-08-25,"man",43
"23",6,7,7,6,7,5,7,7,7,7,7,6,7,7,5,3,5,4,7,7,7,"yes",22,8,2023-03-14,"man",36
"24",6,3,5,6,6,6,5,3,7,3,7,4,4,6,7,4,7,6,7,4,5,"yes",17,5,2023-09-04,"man",39
"25",6,4,7,5,5,7,6,3,4,5,5,6,5,5,4,6,7,7,6,5,6,"yes",15,3,2022-06-20,"women",60
"26",2,6,4,7,4,6,4,5,4,4,5,4,4,4,3,5,4,4,6,5,3,"yes",12,2,2023-05-02,"man",38
"27",4,4,6,5,3,3,6,6,6,5,3,4,4,5,4,2,2,3,6,6,7,"yes",16,3,2022-10-09,"man",37
"28",4,2,3,7,6,7,7,5,6,4,3,5,2,4,3,2,5,3,5,5,5,"yes",9,1,2023-11-10,"women",45
"29",6,5,4,6,6,7,4,6,3,3,7,6,6,5,6,5,5,5,7,6,6,"yes",16,3,2022-01-28,"women",50
"30",5,5,4,5,5,3,7,3,4,5,7,5,5,6,6,6,7,6,6,5,5,"yes",9,3,2023-02-06,"man",41
"31",5,4,6,7,7,7,4,4,5,4,5,3,3,5,6,6,5,5,3,2,5,"no",8,3,2022-09-28,"man",45
"32",7,6,7,7,7,7,7,7,7,6,7,6,6,5,5,5,7,4,7,7,7,"yes",25,5,2022-06-23,"man",46
"33",4,6,6,5,6,5,6,4,5,6,5,4,4,5,5,4,2,5,6,6,5,"yes",20,4,2023-06-23,"women",29
"34",1,6,3,5,3,4,6,7,5,3,5,6,6,7,7,4,6,6,5,3,5,"yes",14,4,2023-11-05,"man",28
"35",5,7,6,4,3,6,4,4,5,7,6,5,5,4,5,4,5,7,7,6,7,"no",19,4,2023-03-14,"women",24
"36",3,6,5,5,4,2,6,7,7,7,7,7,5,7,6,6,7,6,6,6,1,"yes",14,3,2023-06-14,"women",33
"37",3,4,3,3,3,2,6,6,5,5,6,6,5,6,3,6,4,4,5,7,6,"yes",10,3,2022-01-07,"man",60
"38",5,4,5,5,7,6,6,5,7,4,7,6,7,6,5,4,6,3,6,5,4,"no",10,1,2022-07-11,"women",35
"39",5,7,7,5,7,5,6,6,6,6,5,3,6,5,7,7,7,7,6,6,6,"yes",11,2,2022-03-17,"women",47
"40",4,5,4,5,3,5,6,5,5,7,3,3,4,3,5,4,6,4,3,5,4,"yes",18,4,2022-08-30,"women",18
"41",4,6,4,4,6,4,7,7,5,7,6,5,6,5,2,6,2,4,5,4,6,"yes",13,2,2023-08-11,"man",58
"42",3,4,5,3,4,3,6,5,4,5,7,6,7,7,5,6,6,6,6,5,5,"yes",11,1,2023-10-21,"women",28
"43",6,6,5,6,6,7,3,7,5,6,5,5,3,7,5,5,7,6,4,7,3,"no",25,7,2022-09-10,"women",24
"44",4,5,4,4,6,4,2,3,2,5,4,2,4,5,7,5,5,6,6,6,6,"no",9,2,2023-10-02,"man",29
"45",2,6,4,4,6,7,5,3,5,6,5,3,4,6,4,4,3,6,3,5,7,"yes",7,1,2022-07-09,"man",43
"46",7,7,7,7,7,6,7,7,7,7,6,4,5,5,6,7,5,7,6,6,7,"unsure",14,4,2022-05-27,"man",38
"47",7,4,6,5,6,6,5,6,6,5,4,3,4,7,5,2,2,4,6,5,4,"yes",19,4,2023-08-01,"women",36
"48",4,5,3,4,5,6,7,3,7,2,7,6,7,7,6,6,7,7,6,7,7,"yes",18,4,2022-01-03,"women",43
"49",2,2,5,4,5,4,7,7,7,4,6,7,4,5,4,6,6,4,2,3,1,"yes",11,5,2022-11-11,"women",49
"50",4,7,4,5,5,4,7,7,6,4,6,7,7,6,7,7,7,7,7,7,7,"yes",9,2,2023-09-20,"women",61
"51",7,6,7,6,6,7,7,6,7,6,4,7,5,5,6,6,5,4,4,7,6,"yes",21,6,2023-12-13,"women",38
"52",6,4,3,5,6,6,7,7,6,2,6,5,6,5,4,6,6,5,5,5,5,"no",10,1,2023-09-17,"women",35
"53",5,6,2,6,5,7,4,6,6,4,6,6,4,3,3,1,4,4,7,6,5,"no",8,3,2023-01-11,"man",32
"54",6,7,7,6,6,5,7,7,7,4,3,5,5,4,5,5,7,6,7,6,5,"no",30,7,2022-01-30,"man",53
"55",3,3,3,4,5,4,5,7,4,3,3,5,2,3,7,6,5,5,5,5,6,"yes",12,2,2023-05-04,"women",34
"56",3,3,6,4,3,6,3,4,6,6,6,6,6,5,4,6,6,6,6,7,5,"no",16,4,2023-05-02,"man",28
"57",6,7,6,6,6,6,7,7,5,5,7,7,5,6,3,2,1,4,5,3,3,"yes",19,2,2023-10-17,"women",28
"58",5,4,3,2,5,3,5,4,4,7,3,6,3,6,5,6,6,3,6,2,3,"yes",16,4,2022-03-23,"man",48
"59",6,6,6,6,6,7,6,6,6,3,7,5,2,6,6,7,6,5,6,7,5,"no",26,5,2023-10-03,"women",26
"60",7,7,7,7,7,7,7,7,6,5,7,7,6,6,7,7,6,7,6,2,6,"no",18,4,2023-05-18,"man",35
"61",7,6,6,5,6,6,7,7,6,5,3,3,5,2,4,4,5,5,6,7,7,"yes",26,5,2022-02-23,"man",30
"62",5,4,7,4,4,7,3,4,3,6,5,4,4,3,6,7,6,6,5,4,3,"yes",15,3,2022-11-08,"man",27
"63",5,7,5,7,6,7,7,6,5,6,7,7,7,7,5,5,6,6,7,6,6,"yes",18,5,2023-04-14,"man",22
"64",6,6,6,3,4,4,7,4,6,6,4,7,4,4,6,6,5,6,5,7,6,"yes",17,5,2023-08-16,"women",26
"65",2,5,5,5,5,4,4,3,5,4,2,3,3,6,5,5,3,6,5,2,4,"yes",13,3,2022-09-06,"women",43
"66",6,6,6,5,6,7,3,3,3,6,6,6,3,6,5,5,6,7,7,6,7,"yes",19,4,2022-11-02,"man",36
"67",5,7,6,6,5,7,4,4,2,6,3,3,3,2,4,6,6,6,7,6,5,"yes",18,5,2023-03-23,"women",29
"68",7,7,7,7,7,5,6,6,7,6,5,5,7,6,6,5,5,6,6,7,7,"no",20,4,2023-04-28,"man",70
"69",3,6,7,6,7,5,5,4,3,5,5,4,6,5,1,4,2,5,7,4,5,"yes",20,4,2023-12-10,"man",48
"70",4,3,7,6,4,6,4,7,6,5,4,3,2,7,5,4,4,4,4,4,3,"yes",21,7,2023-02-17,"man",33
"71",5,6,5,3,5,4,5,6,7,4,7,4,6,7,7,7,6,6,5,4,3,"yes",19,3,2023-11-10,"women",25
"72",6,4,6,7,7,7,7,6,5,4,5,5,4,5,7,7,7,7,6,7,7,"yes",18,5,2022-08-17,"women",37
"73",7,5,4,7,7,7,6,6,6,5,7,7,5,6,4,4,4,4,7,6,6,"yes",21,6,2023-03-29,"women",38
"74",7,6,6,4,5,4,7,5,7,5,3,4,4,2,4,5,5,7,4,3,4,"no",21,3,2023-05-28,"women",42
"75",6,7,7,5,3,3,5,6,6,6,5,6,5,6,5,7,7,7,7,2,6,"yes",26,3,2023-05-06,"women",34
"76",5,6,7,5,3,7,4,6,4,3,4,4,6,2,7,6,7,5,4,6,4,"yes",18,4,2022-10-06,"women",38
"77",5,7,6,7,6,5,7,7,7,6,7,6,5,7,7,7,6,7,7,6,7,"yes",15,4,2023-04-17,"man",38
"78",7,7,7,7,7,7,4,3,4,7,6,7,7,6,6,5,7,6,7,4,5,"no",19,4,2022-07-29,"women",45
"79",7,5,7,6,7,7,7,6,7,6,7,7,4,3,7,6,7,7,7,5,6,"yes",15,3,2022-04-04,"women",22
"80",6,7,5,4,5,5,7,6,5,5,4,4,5,6,6,6,6,3,5,6,5,"yes",22,4,2022-12-15,"women",26
"81",6,5,6,6,6,6,5,2,6,3,6,5,4,3,5,7,6,5,3,4,3,"no",13,4,2023-08-13,"women",36
"82",5,4,6,7,7,7,7,5,6,7,5,3,4,4,6,7,6,6,6,5,4,"yes",12,3,2022-07-29,"man",43
"83",6,7,3,6,5,4,6,7,7,7,6,6,7,7,5,6,5,6,4,5,4,"yes",21,5,2023-06-16,"women",43
"84",7,7,7,7,7,7,7,6,6,5,7,6,6,6,6,4,7,7,7,7,7,"no",28,7,2022-02-24,"women",23
"85",6,6,7,5,5,3,5,7,7,3,6,4,7,5,5,5,5,6,7,6,7,"yes",23,6,2022-05-24,"man",31
"86",3,4,3,4,4,5,6,4,7,4,5,6,6,7,5,4,6,5,2,3,4,"yes",9,1,2023-09-22,"women",31
"87",5,6,6,4,2,4,4,6,7,7,7,7,7,5,6,6,6,7,5,2,3,"yes",19,3,2022-07-11,"women",42
"88",5,5,3,6,5,5,6,6,4,6,7,5,6,6,3,5,5,5,4,4,4,"no",19,3,2023-10-29,"man",50
"89",6,7,5,7,7,6,7,7,7,7,5,6,6,6,4,5,6,5,6,7,7,"yes",21,7,2023-07-20,"women",44
"90",5,3,5,7,6,6,6,6,7,7,7,7,7,6,1,5,5,5,6,7,7,"yes",16,3,2022-02-19,"women",42
"91",5,5,5,5,3,4,4,6,4,7,6,6,6,7,6,6,5,6,2,4,3,"yes",10,1,2023-08-04,"women",39
"92",6,7,6,5,6,5,5,5,4,4,2,7,5,6,5,7,6,6,5,2,2,"no",18,2,2023-11-19,"man",57
"93",7,7,6,4,7,7,5,5,7,5,7,7,7,7,6,6,6,6,7,5,7,"yes",26,7,2023-04-22,"man",50
"94",6,6,6,6,5,5,6,7,7,6,7,7,6,3,4,6,3,7,7,7,7,"yes",16,3,2023-11-09,"women",19
"95",3,6,3,4,4,3,5,5,3,6,4,4,6,4,4,5,5,6,4,5,5,"yes",6,2,2023-09-18,"women",33
"96",6,6,7,6,6,7,5,5,7,7,7,7,7,7,3,5,4,7,4,6,6,"yes",16,2,2022-01-12,"women",32
"97",7,6,7,7,7,6,6,7,5,7,7,7,7,7,7,6,7,6,7,6,6,"no",26,6,2022-05-26,"women",19
"98",6,5,7,2,6,7,5,5,6,6,6,6,4,5,6,7,3,6,5,6,7,"yes",22,4,2022-03-17,"women",22
"99",6,3,3,6,5,6,5,2,5,5,4,4,3,5,5,3,5,4,3,4,2,"yes",9,2,2022-11-06,"women",49
"100",6,4,3,6,3,3,5,6,6,4,6,6,6,4,7,7,7,5,7,5,7,"yes",10,2,2022-04-01,"women",33
"101",7,7,6,7,6,6,7,5,6,7,7,6,4,5,6,6,5,6,5,4,4,"yes",26,7,2022-03-12,"man",44
"102",6,6,5,4,6,6,3,4,3,2,5,6,5,4,4,5,4,6,5,3,3,"yes",21,6,2023-10-16,"women",37
"103",7,4,6,3,7,5,5,4,6,5,6,6,7,6,5,4,4,3,4,5,5,"unsure",19,4,2023-03-09,"women",38
"104",5,5,6,5,6,7,6,2,3,7,7,5,6,4,5,5,4,5,3,3,3,"yes",14,2,2022-02-07,"man",24
"105",7,7,7,6,6,6,7,7,7,3,6,4,6,6,5,5,7,5,7,7,7,"yes",25,4,2022-12-06,"man",46
"106",3,6,4,7,5,4,4,5,7,7,6,6,6,7,6,5,5,6,5,6,3,"yes",27,5,2023-02-20,"women",51
"107",7,7,7,3,3,4,6,6,4,4,6,5,7,7,3,5,3,2,7,7,6,"no",23,5,2022-12-13,"man",32
"108",4,4,4,5,6,4,5,6,5,4,5,6,6,6,2,4,3,6,4,6,6,"yes",17,5,2022-05-30,"women",28
"109",7,7,7,7,7,7,7,7,7,7,6,7,6,7,7,7,7,7,7,7,6,"yes",21,4,2022-07-02,"man",22
"110",6,6,6,5,5,5,5,1,4,6,4,2,4,3,7,4,2,3,4,5,3,"yes",17,4,2022-03-27,"women",40
"111",7,7,7,6,3,6,7,7,5,6,7,7,6,7,6,7,5,7,7,7,6,"yes",22,6,2022-04-08,"women",38
"112",6,5,5,6,6,7,5,4,4,6,4,4,3,6,4,7,5,5,5,5,2,"yes",12,3,2022-10-27,"man",39
"113",5,6,6,2,5,4,4,5,4,5,6,2,2,5,4,2,5,2,4,6,6,"no",17,5,2022-12-10,"man",39
"114",7,6,7,7,7,6,5,7,7,5,7,6,6,7,6,5,7,2,7,7,7,"no",28,5,2023-08-09,"women",36
"115",6,6,4,6,2,5,6,7,5,6,7,6,6,6,7,6,6,4,6,6,7,"yes",21,3,2023-07-15,"women",24
"116",6,7,5,6,6,4,6,5,3,7,5,6,7,6,6,6,6,5,4,7,7,"yes",17,6,2022-09-13,"women",54
"117",7,5,5,6,5,6,6,7,6,7,6,7,7,7,4,6,7,6,7,6,6,"yes",13,6,2023-09-08,"man",48
"118",4,6,7,6,5,6,7,6,7,5,7,5,7,5,4,5,6,5,5,6,7,"yes",21,4,2022-12-25,"women",48
"119",6,6,7,5,5,7,5,4,7,5,4,5,4,5,7,7,7,6,6,6,7,"yes",25,5,2023-01-01,"women",59
"120",7,7,5,6,6,5,6,6,7,7,7,7,7,7,7,7,6,7,5,6,5,"yes",11,3,2022-05-15,"man",35
"121",1,4,1,5,5,3,5,2,2,3,7,6,5,6,7,6,5,7,6,7,7,"yes",6,3,2023-03-18,"women",58
"122",5,6,4,6,5,5,5,4,3,6,4,4,5,7,7,6,5,6,3,3,4,"yes",17,3,2022-12-06,"man",30
"123",6,5,4,7,4,5,5,3,5,2,3,5,6,2,3,5,5,5,7,6,6,"yes",10,1,2023-03-17,"man",44
"124",6,4,5,5,5,6,4,4,3,6,4,2,4,5,5,4,3,4,2,4,3,"yes",22,4,2023-09-29,"women",52
"125",6,4,3,7,6,7,5,4,3,7,7,6,7,7,4,7,5,6,5,7,7,"yes",21,6,2023-09-12,"man",49
"126",7,6,7,4,4,5,6,5,5,5,6,4,4,5,6,6,6,5,6,6,6,"yes",26,6,2023-02-23,"women",31
"127",3,3,3,5,6,6,3,7,6,3,4,6,6,6,7,7,6,6,7,6,3,"no",12,3,2022-09-22,"man",28
"128",7,4,4,5,6,5,7,5,4,7,5,4,4,5,6,4,4,3,6,6,7,"yes",9,2,2023-11-05,"man",46
"129",5,7,6,6,5,5,7,6,6,6,2,7,6,6,6,4,7,5,7,6,6,"no",22,4,2023-12-16,"women",22
"130",4,3,5,4,6,3,7,5,6,4,6,5,7,6,2,5,6,6,6,5,5,"yes",9,3,2023-12-25,"women",41
"131",6,7,4,5,5,5,4,5,5,7,4,5,6,6,6,6,6,7,5,6,4,"no",20,3,2022-01-31,"man",44
"132",5,4,5,6,7,5,7,7,7,6,6,7,6,7,7,6,6,4,3,6,5,"yes",14,1,2022-09-28,"women",29
"133",4,5,4,6,5,5,7,6,6,7,6,5,6,4,5,5,6,7,7,7,7,"yes",22,3,2022-08-01,"women",45
"134",4,6,5,6,6,6,2,5,1,5,6,4,3,5,7,6,6,6,7,7,7,"yes",21,3,2022-01-11,"women",27
"135",7,6,7,7,7,7,6,6,7,5,7,7,7,7,6,4,4,6,6,7,7,"yes",24,5,2022-09-01,"man",46
"136",5,4,4,5,3,4,3,4,5,6,6,6,6,7,6,4,5,4,6,5,3,"yes",7,3,2022-11-03,"women",29
"137",5,7,4,2,3,4,6,4,5,4,3,4,6,3,5,6,6,3,7,7,7,"yes",22,5,2022-03-26,"women",56
"138",7,7,7,7,5,7,6,7,6,5,7,7,7,6,6,7,7,7,6,7,7,"yes",22,5,2023-04-26,"man",44
"139",6,4,5,6,6,6,7,7,7,7,4,5,5,5,7,6,7,7,4,5,7,"yes",17,5,2022-07-28,"man",33
"140",7,7,7,6,4,3,6,6,7,7,6,6,7,6,7,7,5,7,4,5,5,"yes",25,5,2022-11-24,"women",46
"141",7,6,7,7,7,7,7,7,7,7,7,7,7,6,7,6,7,5,6,7,7,"yes",27,6,2023-02-26,"man",30
"142",5,3,6,5,6,5,7,6,5,7,2,7,4,4,6,6,4,7,2,3,2,"no",25,4,2022-12-25,"women",39
"143",7,6,7,7,7,7,7,7,7,7,6,7,7,6,7,7,5,7,7,7,7,"yes",24,4,2022-10-08,"women",35
"144",6,7,5,5,6,7,6,7,7,7,5,5,3,5,5,5,6,4,6,7,5,"no",25,6,2022-08-02,"women",49
"145",7,5,6,7,7,7,5,6,5,5,4,5,5,7,6,7,6,6,5,6,6,"yes",15,4,2023-03-31,"women",43
"146",6,6,7,4,6,6,6,7,7,5,6,7,6,5,6,6,7,6,6,6,4,"yes",22,5,2022-02-23,"women",40
"147",6,6,6,6,6,5,7,6,6,2,6,5,7,5,3,5,5,3,6,4,5,"yes",23,4,2022-07-17,"man",46
"148",5,7,7,4,6,6,7,7,7,7,7,7,7,6,6,7,6,5,7,6,7,"yes",15,2,2023-03-14,"women",51
"149",4,6,5,5,5,7,6,5,4,4,3,6,4,4,5,4,6,5,7,5,4,"yes",8,3,2023-01-11,"women",35
"150",7,5,4,4,7,5,4,7,5,7,4,3,4,5,6,4,3,6,5,4,4,"yes",15,4,2022-10-03,"man",27
"151",5,4,3,2,3,6,6,6,5,6,4,6,5,5,5,3,4,6,6,4,5,"yes",7,2,2022-12-17,"women",24
"152",4,4,5,6,6,5,6,6,5,7,5,4,5,5,3,5,3,6,5,4,4,"yes",7,2,2022-11-06,"women",56
"153",6,5,4,4,5,6,2,6,5,3,6,5,6,7,7,6,7,7,7,6,7,"yes",22,6,2022-03-24,"women",41
"154",6,7,7,6,6,7,5,6,6,6,7,4,5,6,6,5,7,7,5,6,7,"yes",22,4,2022-10-30,"man",49
"155",5,6,6,6,4,6,7,7,3,6,5,4,5,6,5,6,6,5,7,7,7,"yes",13,2,2022-09-27,"women",44
"156",7,6,7,7,5,7,4,5,3,5,5,5,6,5,7,7,6,5,3,5,4,"yes",22,6,2022-04-03,"women",20
"157",7,7,7,7,7,7,7,6,7,4,7,6,6,6,6,6,6,5,7,7,7,"yes",20,5,2022-12-16,"man",47
"158",6,3,3,4,4,5,6,6,6,6,5,7,6,5,7,7,6,6,4,5,3,"no",8,1,2023-10-09,"women",37
"159",6,5,7,6,6,6,5,5,4,5,4,6,5,6,7,7,6,6,7,7,6,"no",22,6,2023-04-28,"women",38
"160",4,6,5,7,5,4,6,4,4,7,4,4,6,4,2,5,4,4,5,6,5,"yes",20,5,2023-07-07,"man",43
"161",7,7,6,7,6,6,7,6,6,7,4,7,7,6,7,6,6,7,7,7,7,"no",19,4,2023-04-04,"women",47
"162",6,7,4,5,4,3,2,3,5,5,5,6,5,5,4,7,6,7,6,5,3,"unsure",8,3,2023-11-05,"man",43
"163",3,6,4,7,6,6,6,6,7,5,6,4,6,6,3,5,7,4,2,5,6,"yes",12,3,2022-08-09,"man",48
"164",6,5,5,7,7,6,6,4,4,5,5,4,6,6,7,7,6,6,6,6,6,"yes",24,3,2023-04-11,"man",54
"165",6,4,4,4,6,6,6,6,7,6,4,3,4,6,5,5,5,6,7,6,6,"yes",18,2,2022-12-29,"women",42
"166",6,7,6,5,4,6,7,5,7,4,3,5,6,5,6,7,6,7,6,6,5,"yes",18,5,2022-07-16,"women",44
"167",6,5,4,5,3,6,3,6,6,5,7,6,5,5,4,6,5,5,4,5,6,"yes",22,4,2022-06-30,"man",36
"168",7,7,6,7,7,7,7,5,6,7,7,7,7,7,7,7,7,7,7,5,6,"yes",20,3,2023-06-29,"women",56
"169",4,3,4,3,5,3,7,3,6,7,4,4,7,6,6,4,6,6,7,6,6,"yes",8,2,2022-02-20,"man",47
"170",6,7,4,7,5,7,4,4,5,4,4,5,5,4,5,3,5,6,6,6,6,"yes",13,1,2022-12-25,"women",40
"171",5,6,6,5,4,3,6,6,6,6,6,6,5,7,5,7,5,7,5,5,5,"yes",13,3,2022-10-24,"women",49
"172",5,7,3,6,6,6,7,7,5,7,2,5,7,3,5,6,5,6,6,5,6,"yes",18,3,2023-01-11,"women",31
"173",7,5,7,6,6,7,5,6,4,5,7,6,7,7,6,7,6,4,6,6,6,"no",21,5,2023-05-02,"women",50
"174",5,3,3,5,4,4,1,2,3,2,3,6,6,4,7,6,7,7,7,6,6,"yes",8,1,2023-02-28,"women",31
"175",4,5,3,6,7,7,4,5,3,4,6,6,6,5,7,6,7,7,2,5,5,"yes",14,3,2022-04-28,"man",53
"176",5,2,5,7,7,7,7,6,6,5,4,2,6,3,5,7,5,4,7,7,5,"no",14,3,2023-10-04,"man",51
"177",6,5,6,4,4,4,5,4,4,3,5,5,4,2,2,1,2,1,7,6,6,"yes",18,4,2022-01-09,"man",34
"178",4,5,3,5,3,4,6,4,4,6,6,6,5,6,5,3,2,3,5,5,6,"yes",16,6,2022-11-19,"women",28
"179",4,5,6,5,4,4,6,3,3,7,5,3,3,4,3,7,3,4,3,4,5,"yes",16,4,2023-11-27,"women",41
"180",6,4,6,5,5,4,7,6,5,6,4,3,5,2,7,7,6,6,5,3,3,"no",16,4,2022-01-28,"women",23
"181",3,3,1,7,5,6,5,3,5,2,5,6,5,6,4,5,3,5,5,6,7,"yes",10,2,2023-01-31,"man",35
"182",6,7,7,3,4,5,7,2,4,6,4,4,4,5,4,6,6,5,4,4,4,"yes",18,5,2023-05-16,"women",41
"183",6,5,5,7,4,5,5,2,7,5,5,2,3,4,2,4,3,5,3,4,4,"yes",12,2,2023-03-18,"women",44
"184",5,6,6,5,6,4,6,3,5,7,6,7,6,5,3,3,4,5,3,5,5,"yes",18,4,2023-06-23,"Non-binary/other",42
"185",7,5,4,7,7,7,5,5,7,7,7,6,5,4,7,7,7,6,7,6,6,"yes",13,3,2023-07-12,"man",38
"186",4,7,6,6,4,4,2,5,4,7,7,7,5,6,5,5,6,4,6,4,5,"yes",24,5,2022-06-07,"man",49
"187",6,7,6,7,7,7,7,7,6,5,7,6,7,6,3,6,4,5,6,7,6,"yes",27,6,2023-05-04,"women",33
"188",5,7,7,7,6,7,6,4,3,5,4,7,7,5,5,5,2,7,5,5,7,"yes",19,3,2022-05-25,"man",55
"189",6,3,3,6,7,5,6,5,6,7,7,5,6,5,3,3,2,6,7,7,5,"yes",6,1,2022-06-15,"women",44
"190",6,6,7,7,5,7,6,7,5,6,7,7,6,6,5,5,4,5,7,7,5,"yes",24,4,2023-12-05,"women",45
"191",3,5,6,6,5,4,6,5,5,6,7,6,4,4,4,6,4,2,4,4,3,"no",14,4,2023-09-08,"man",28
"192",6,5,6,6,5,3,4,4,3,6,7,7,6,7,7,6,5,6,6,4,3,"yes",18,2,2022-05-21,"man",39
"193",6,5,7,7,7,7,7,6,6,6,6,7,7,7,5,6,6,6,5,5,5,"yes",21,4,2022-10-22,"man",33
"194",3,6,6,3,4,5,5,4,2,6,5,4,6,5,5,4,7,6,5,5,5,"yes",24,6,2023-12-29,"women",32
"195",5,6,6,4,6,4,6,6,6,6,3,5,5,5,6,5,6,4,2,3,5,"no",14,3,2022-04-25,"man",42
"196",3,3,3,4,5,6,7,6,6,6,4,4,5,3,5,4,4,4,4,5,7,"yes",12,4,2022-08-20,"man",49
"197",3,2,4,5,4,4,5,6,6,5,2,5,6,4,3,6,6,4,5,3,5,"no",15,3,2023-09-29,"women",18
"198",3,4,2,4,5,4,5,3,5,3,6,6,6,5,4,5,4,2,5,2,3,"yes",7,1,2022-09-01,"man",48
"199",5,6,5,5,3,5,7,5,6,6,4,3,4,4,6,6,6,6,2,5,4,"yes",20,4,2023-08-05,"women",43
"200",7,6,7,6,6,7,7,7,7,5,5,5,4,5,6,6,5,7,7,7,7,"yes",19,6,2022-12-27,"man",47
"201",7,6,7,5,5,6,4,5,3,6,5,6,6,5,3,3,5,4,3,3,3,"yes",20,6,2022-05-22,"man",53
"202",6,5,7,6,7,6,7,7,7,5,6,5,7,7,7,5,7,5,7,6,7,"yes",15,3,2022-03-29,"women",45
"203",4,3,3,3,3,4,5,5,3,4,5,5,6,4,5,6,2,5,1,3,6,"yes",18,4,2023-04-15,"women",41
"204",3,3,4,4,4,7,5,4,2,5,5,4,7,5,6,5,4,5,2,6,5,"yes",12,4,2022-02-17,"women",31
"205",3,3,4,4,6,4,4,4,3,3,6,6,5,6,7,6,7,5,4,2,3,"yes",11,4,2023-02-20,"women",31
"206",7,6,7,6,7,6,2,6,6,4,6,5,6,5,7,5,7,7,7,5,6,"yes",15,3,2022-10-28,"women",34
"207",4,5,4,4,5,4,6,5,7,5,6,6,3,6,7,6,6,6,6,5,3,"no",16,6,2023-07-01,"women",22
"208",6,4,6,4,6,3,4,4,3,6,6,5,5,5,4,4,5,7,7,5,7,"no",17,4,2022-04-13,"man",32
"209",5,4,5,7,7,7,7,6,7,7,6,7,7,6,7,6,6,6,5,7,7,"yes",16,5,2022-05-13,"women",27
"210",7,7,7,5,5,6,5,5,3,6,7,6,4,6,5,7,6,4,7,7,7,"yes",18,4,2022-09-17,"women",32
"211",4,6,6,5,3,7,7,4,6,7,5,4,4,4,4,2,5,6,6,5,5,"no",23,6,2023-08-15,"women",50
"212",5,6,6,6,6,4,7,5,7,3,5,3,6,5,6,7,7,7,6,6,6,"yes",20,4,2022-12-14,"man",53
"213",4,3,4,6,7,5,7,7,6,5,6,7,5,7,5,4,5,4,7,3,5,"no",10,3,2022-06-09,"man",34
"214",5,5,6,7,7,6,5,7,7,7,6,7,6,4,5,6,5,4,7,7,7,"yes",12,1,2023-12-28,"man",53
"215",6,6,5,4,6,5,5,5,5,4,4,5,7,5,5,7,7,6,6,6,6,"yes",22,7,2022-07-27,"women",18
"216",6,7,4,3,3,5,3,4,3,4,4,1,5,5,4,6,5,5,5,5,5,"no",16,3,2022-01-12,"man",47
"217",6,6,5,5,5,4,7,6,6,6,3,5,5,6,5,6,6,6,7,4,6,"yes",17,4,2022-12-13,"women",21
"218",6,7,7,7,7,7,6,7,6,5,6,7,7,7,7,6,6,7,6,6,7,"yes",24,5,2022-05-10,"women",30
"219",5,7,6,4,4,6,6,4,6,7,7,6,7,6,5,6,6,5,3,4,3,"yes",23,7,2022-02-25,"man",56
"220",7,7,7,4,5,6,4,7,7,4,3,3,5,4,5,4,4,5,4,4,4,"no",27,5,2022-01-25,"women",42
"221",6,5,4,6,6,6,5,6,7,6,6,7,5,3,4,6,5,5,7,7,7,"yes",9,1,2022-10-09,"women",36
"222",7,7,6,7,7,7,7,7,7,7,7,7,7,7,7,7,7,7,7,7,7,"no",20,3,2023-08-15,"man",25
"223",6,5,7,7,7,5,5,4,6,6,6,5,4,6,5,6,7,6,7,5,7,"yes",24,7,2023-03-15,"women",43
"224",4,1,4,6,6,7,7,7,6,7,6,7,6,6,7,7,7,7,7,7,6,"yes",5,1,2023-08-03,"man",43
"225",5,5,5,5,5,4,5,6,4,5,4,4,6,6,3,5,4,5,3,3,4,"yes",16,3,2023-10-04,"women",40
"226",4,6,5,3,5,4,7,6,5,5,5,6,5,6,6,7,6,5,6,7,5,"no",12,2,2023-10-29,"women",53
"227",6,5,7,6,5,6,7,4,7,6,6,6,6,6,6,5,7,7,6,6,7,"yes",19,4,2023-02-10,"women",28
"228",6,1,4,4,3,5,6,5,5,4,7,6,6,6,4,2,3,3,4,6,6,"yes",14,2,2023-09-08,"man",50
"229",6,7,6,7,6,7,4,3,5,2,7,6,7,7,6,4,2,6,6,3,6,"yes",21,4,2022-12-09,"women",40
"230",4,5,3,3,2,6,7,5,7,7,6,7,5,4,4,4,4,6,5,5,7,"yes",15,2,2022-08-26,"man",36
"231",5,5,6,7,5,6,6,5,6,7,6,4,6,6,6,5,6,7,7,7,7,"yes",13,3,2023-01-08,"women",41
"232",6,5,6,5,5,3,7,7,5,3,4,2,4,3,4,4,5,5,6,5,2,"yes",17,5,2023-11-04,"women",36
"233",5,5,3,6,4,6,4,4,5,6,5,7,3,4,4,4,6,4,4,5,3,"yes",15,2,2023-04-13,"women",23
"234",5,4,5,6,6,7,4,3,5,7,4,6,5,4,6,7,5,5,3,6,3,"no",8,1,2022-04-25,"women",38
"235",7,7,7,4,7,7,7,6,7,6,6,7,6,7,7,6,6,5,7,7,7,"no",15,4,2022-08-28,"man",35
"236",5,5,6,5,5,5,3,5,4,4,4,5,5,5,6,5,5,3,6,6,4,"yes",14,2,2022-08-02,"man",43
"237",7,5,6,6,5,4,6,4,4,7,5,3,5,6,7,6,5,5,7,6,7,"yes",16,3,2023-10-24,"women",35
"238",5,6,3,4,4,4,4,6,6,4,4,3,4,1,6,3,6,5,5,3,6,"yes",13,3,2022-12-31,"man",30
"239",5,5,4,3,4,6,4,6,4,7,3,5,6,5,3,5,3,4,6,5,7,"yes",18,4,2023-04-07,"man",31
"240",6,3,5,5,7,6,6,6,5,6,3,3,6,5,6,7,4,6,4,6,7,"no",17,5,2023-02-11,"man",54
"241",5,4,6,3,2,3,5,4,5,6,3,4,4,5,1,4,3,3,6,7,7,"yes",15,1,2022-09-23,"man",18
"242",6,7,6,6,3,5,7,5,6,5,5,7,7,6,7,7,7,7,6,4,7,"yes",26,6,2022-02-09,"women",40
"243",7,6,6,7,7,6,7,5,6,7,6,6,4,6,3,4,5,6,6,5,5,"yes",17,2,2022-12-31,"women",40
"244",7,6,7,7,6,6,4,6,6,5,6,6,3,7,7,7,5,6,6,7,6,"yes",22,5,2023-11-10,"women",52
"245",6,4,6,5,5,6,4,5,6,3,5,2,4,3,6,6,6,4,3,5,5,"yes",16,3,2022-05-17,"women",38
"246",5,7,6,4,5,5,4,3,6,5,2,4,4,2,6,5,4,6,4,5,6,"no",18,5,2023-05-27,"man",42
"247",4,6,5,7,7,7,6,7,6,6,7,4,6,6,7,7,7,7,7,6,5,"yes",9,2,2023-01-25,"women",31
"248",7,7,7,5,5,7,4,6,7,5,7,7,7,6,5,5,6,6,6,7,5,"yes",13,2,2022-10-25,"women",35
"249",6,7,6,6,6,5,3,5,5,2,3,3,2,1,6,6,7,4,5,7,6,"yes",21,5,2023-07-24,"women",27
"250",7,5,6,7,7,7,5,6,4,7,5,3,6,5,3,5,5,6,5,5,6,"no",20,5,2023-06-08,"women",48
"251",5,6,6,6,5,4,4,5,4,6,7,6,7,6,4,6,7,3,7,6,7,"no",15,4,2022-05-10,"women",25
"252",7,7,6,7,6,5,6,7,7,6,7,5,6,6,6,7,6,5,6,7,6,"yes",11,2,2022-07-07,"man",35
"253",6,6,7,7,6,7,7,6,6,7,7,7,7,7,6,7,6,7,6,7,7,"yes",19,6,2023-12-01,"man",47
"254",6,4,6,6,3,7,3,4,4,6,6,5,6,5,5,4,5,5,4,4,6,"yes",16,2,2023-04-27,"women",52
"255",5,5,6,4,6,4,7,7,4,5,5,7,4,6,6,7,6,6,6,6,7,"yes",17,5,2023-12-21,"man",32
"256",6,4,5,6,7,6,5,7,7,7,5,6,5,6,7,5,6,5,5,4,7,"yes",14,3,2022-05-06,"man",39
"257",6,7,7,3,6,4,4,3,4,5,5,2,7,3,6,5,5,5,7,4,6,"yes",19,4,2022-01-12,"women",35
"258",4,6,7,6,7,6,7,7,7,3,6,5,5,4,7,6,7,6,6,6,7,"yes",19,6,2022-12-11,"man",57
"259",3,3,5,5,7,7,5,6,6,3,5,6,7,6,4,2,4,4,6,3,6,"yes",9,1,2023-08-15,"man",36
"260",7,5,5,6,7,5,5,7,3,6,5,5,5,7,7,6,7,5,6,7,6,"yes",16,4,2023-03-10,"man",40
"261",5,4,5,6,6,5,6,6,6,6,6,6,5,5,3,4,3,5,5,5,4,"yes",17,3,2022-09-23,"women",51
"262",7,6,6,1,5,4,5,4,2,7,6,5,7,6,7,4,5,4,3,3,6,"no",24,6,2022-05-27,"women",36
"263",7,6,6,6,6,6,6,7,5,7,5,6,7,5,5,2,4,3,7,6,4,"yes",20,5,2022-08-11,"women",54
"264",5,5,6,6,7,5,4,5,5,6,5,6,7,6,2,4,2,4,6,7,5,"yes",15,5,2022-11-27,"man",59
"265",6,7,7,5,6,7,3,2,5,7,3,4,4,7,4,6,4,5,5,5,6,"no",19,4,2022-09-01,"man",28
"266",7,5,7,5,6,6,6,5,6,6,4,5,6,4,4,7,6,3,7,5,6,"no",15,2,2023-12-06,"women",37
"267",7,6,7,6,7,7,5,6,7,3,4,3,5,3,7,6,6,6,4,5,6,"no",23,4,2022-10-08,"man",39
"268",7,2,7,7,6,5,7,5,7,7,4,7,5,6,7,7,7,7,7,7,7,"yes",18,5,2022-06-23,"women",47
"269",4,5,5,7,6,6,7,5,6,4,4,6,6,4,6,6,5,5,6,7,6,"yes",20,5,2022-10-08,"man",53
"270",2,4,5,7,6,5,7,4,4,7,2,4,5,6,6,5,6,6,6,7,7,"unsure",17,5,2023-11-01,"women",38
"271",7,6,6,7,7,6,6,7,7,7,5,6,7,6,6,7,7,6,6,5,7,"yes",22,6,2022-06-14,"man",33
"272",5,7,7,6,7,7,6,5,6,7,7,7,6,7,6,6,7,6,5,6,5,"yes",23,5,2023-05-23,"women",41
"273",5,7,3,7,7,6,7,6,6,7,6,6,5,7,6,7,6,7,6,7,7,"no",14,3,2023-12-12,"women",24
"274",3,5,5,7,7,6,5,2,5,6,6,5,6,6,6,4,6,7,4,6,3,"no",13,4,2022-05-28,"man",38
"275",6,6,4,5,6,4,6,5,5,6,6,7,7,7,7,5,6,6,5,6,3,"yes",21,6,2022-05-25,"man",40
"276",6,7,6,5,4,5,5,5,5,6,5,5,5,5,5,5,4,5,4,5,5,"yes",21,4,2023-04-14,"women",42
"277",6,6,4,5,6,7,5,6,5,3,6,5,7,7,2,6,2,5,3,5,5,"no",12,3,2022-12-21,"women",47
"278",6,6,4,6,5,6,7,7,7,6,4,5,5,4,7,7,7,6,6,7,7,"yes",23,5,2022-10-25,"women",33
"279",3,4,6,5,4,6,7,6,7,6,6,5,4,5,3,3,6,4,6,7,5,"yes",18,4,2022-12-02,"man",22
"280",7,7,7,7,7,7,6,7,7,7,5,4,3,5,5,6,7,6,7,6,6,"yes",19,4,2022-06-18,"women",22
"281",6,5,5,5,5,5,3,3,3,5,5,4,4,3,5,5,5,4,5,4,4,"yes",20,5,2022-02-15,"women",38
"282",5,5,3,6,6,5,4,3,4,6,7,7,5,6,7,6,6,6,7,6,6,"yes",11,5,2022-11-02,"women",52
"283",7,6,5,5,4,5,6,6,7,7,7,5,6,5,7,5,6,5,7,6,7,"yes",16,5,2022-11-19,"man",33
"284",6,5,6,6,6,6,6,5,6,7,7,6,7,6,5,7,4,5,7,7,7,"yes",15,3,2023-03-25,"man",30
"285",4,5,5,4,6,6,6,5,3,4,2,3,6,4,4,5,5,5,2,4,6,"yes",18,2,2023-09-15,"man",28
"286",5,5,5,6,5,6,5,7,6,7,6,6,6,7,7,7,4,7,6,5,6,"yes",16,3,2022-07-31,"women",52
"287",4,6,6,6,4,7,7,4,5,3,3,5,2,5,6,4,6,2,5,3,4,"no",14,3,2023-02-07,"man",43
"288",5,6,6,4,5,4,7,7,5,6,4,7,3,6,3,4,4,4,6,5,5,"yes",19,3,2022-05-21,"women",28
"289",5,7,7,5,6,5,7,6,3,5,3,5,5,4,4,4,6,6,5,7,7,"yes",17,4,2023-06-23,"women",34
"290",7,7,7,5,6,5,5,3,5,5,6,5,6,7,5,7,3,6,7,7,6,"yes",24,3,2022-06-30,"women",52
"291",7,7,7,7,6,7,7,7,7,6,7,7,7,7,6,7,7,6,7,6,6,"yes",19,3,2022-02-16,"man",31
"292",3,5,5,7,6,6,7,7,7,5,6,7,6,6,6,5,6,6,6,7,7,"no",16,4,2022-01-24,"man",30
"293",7,7,7,7,6,7,6,6,6,5,7,7,7,5,6,6,7,5,6,4,5,"yes",18,5,2022-07-28,"man",37
"294",6,6,7,6,6,5,4,6,5,5,7,5,6,7,6,5,5,5,6,6,4,"no",18,4,2022-11-16,"women",38
"295",4,5,6,7,2,5,6,6,4,4,7,7,6,6,6,4,6,6,7,6,7,"no",15,5,2022-04-20,"man",54
"296",5,5,6,3,3,5,5,3,5,4,4,7,6,7,5,6,5,2,6,7,6,"yes",19,3,2022-08-07,"women",43
"297",7,6,5,7,3,6,7,7,7,6,7,5,7,7,7,7,6,7,5,3,7,"yes",21,6,2023-01-05,"women",36
"298",6,7,5,6,7,6,5,5,5,5,5,5,7,4,5,4,4,6,2,1,3,"yes",19,3,2022-06-11,"man",32
"299",7,7,7,5,5,7,7,7,6,7,7,6,7,7,7,6,6,7,7,7,5,"yes",27,7,2023-05-23,"women",42
"300",5,6,4,7,6,7,7,6,7,5,7,4,6,7,6,7,7,7,6,6,7,"yes",24,4,2022-09-05,"women",54
"301",3,5,5,6,4,5,3,7,3,3,5,5,3,4,5,6,4,7,6,4,6,"yes",23,5,2022-05-30,"women",42
"302",7,6,5,6,7,6,3,5,5,6,6,6,7,6,6,7,7,7,3,5,6,"yes",16,4,2023-01-26,"man",56
"303",4,4,4,4,5,4,6,5,6,4,7,4,4,5,7,5,7,6,6,4,4,"yes",12,1,2022-01-23,"man",34
"304",3,3,4,4,5,3,3,5,6,6,4,5,7,5,5,5,6,6,3,4,3,"no",9,3,2023-02-19,"women",33
"305",6,6,5,4,4,6,6,6,5,4,6,6,5,2,4,5,4,5,7,7,6,"yes",21,5,2022-05-18,"man",59
"306",7,7,7,5,5,6,4,7,3,7,7,5,6,4,4,6,6,4,6,6,6,"yes",20,4,2022-05-19,"women",50
"307",4,5,6,6,5,6,5,7,6,4,2,5,4,2,3,6,5,4,2,5,4,"yes",13,3,2023-09-18,"man",46
"308",4,5,5,6,6,6,7,6,6,6,7,7,6,6,6,6,5,6,7,6,6,"yes",18,6,2022-04-04,"women",36
"309",7,7,6,5,2,3,5,5,3,6,6,5,5,1,5,6,6,6,6,7,7,"yes",19,3,2022-05-31,"man",32
"310",6,7,7,6,7,4,5,6,6,7,6,6,7,6,7,7,7,6,7,7,7,"yes",12,2,2022-07-11,"man",55
"311",7,5,4,6,7,7,5,5,4,4,5,2,5,6,5,3,7,6,5,5,4,"yes",17,4,2023-02-09,"women",36
"312",3,5,4,5,3,6,7,5,7,4,2,5,3,3,4,5,4,7,6,7,6,"yes",2,1,2022-04-09,"man",50
"313",2,4,6,5,6,4,6,3,4,7,5,3,3,5,5,7,5,7,4,5,3,"yes",14,2,2023-07-19,"man",29
"314",5,6,7,7,5,4,5,4,5,4,4,5,6,7,5,5,6,4,6,6,7,"yes",26,5,2022-03-29,"women",41
"315",7,6,6,6,7,7,7,6,7,6,7,7,6,7,7,7,7,7,7,6,6,"no",18,4,2023-11-14,"man",28
"316",3,4,5,6,7,7,5,6,7,6,4,4,4,5,4,6,5,6,5,6,6,"yes",12,3,2022-11-30,"women",39
"317",4,5,7,7,7,7,6,6,7,6,6,6,7,7,7,7,7,7,6,5,4,"yes",20,3,2023-02-27,"women",43
"318",7,7,6,7,6,4,6,6,5,6,7,6,7,7,5,6,5,6,7,6,5,"yes",26,5,2023-02-13,"women",55
"319",4,5,5,7,5,6,3,6,5,5,7,6,6,6,4,4,4,4,5,6,4,"yes",6,1,2022-09-29,"women",47
"320",6,6,6,5,6,5,7,7,7,5,5,6,4,5,7,7,7,6,5,4,3,"yes",21,6,2022-11-14,"women",25
"321",6,5,4,6,6,3,6,7,7,6,4,4,5,6,7,4,5,5,5,5,7,"yes",15,3,2023-07-20,"man",29
"322",7,5,6,6,7,6,5,4,2,5,7,7,6,5,5,6,5,6,3,6,3,"yes",18,6,2022-06-02,"women",29
"323",5,3,3,6,5,3,6,3,3,3,5,5,7,4,5,4,5,7,6,5,6,"yes",7,4,2023-04-17,"man",26
"324",2,5,7,7,7,7,6,7,7,5,5,6,4,4,6,6,6,7,6,3,4,"yes",10,1,2022-12-16,"man",31
"325",3,2,4,4,4,6,3,6,5,4,5,5,5,5,2,5,6,4,3,3,4,"yes",7,4,2022-05-06,"women",48
"326",2,4,3,7,6,7,7,5,5,4,6,5,6,7,7,7,7,7,4,7,5,"yes",8,2,2022-01-12,"man",40
"327",4,6,5,3,5,2,7,3,6,6,6,3,7,6,6,6,7,6,5,7,3,"yes",11,4,2022-12-01,"man",27
"328",7,4,3,7,6,6,3,6,7,6,6,6,6,4,3,4,6,5,6,3,5,"no",18,4,2022-09-26,"women",30
"329",7,5,6,5,5,5,6,7,7,5,4,5,4,4,6,7,6,5,7,6,7,"no",21,6,2023-12-11,"women",32
"330",4,3,5,3,4,5,4,3,4,6,4,2,5,5,5,6,4,4,3,4,4,"yes",12,3,2022-01-03,"women",49
"331",1,5,2,6,7,7,6,5,2,5,4,5,6,4,1,4,5,5,6,6,3,"yes",14,3,2022-01-27,"man",32
"332",4,5,6,7,6,6,4,6,4,7,3,5,4,6,3,3,3,4,5,6,6,"yes",13,1,2022-02-25,"women",32
"333",6,4,4,6,6,7,5,7,5,5,6,6,6,5,5,3,3,6,3,2,3,"yes",19,3,2022-08-18,"women",35
"334",6,6,7,4,5,5,3,2,2,1,7,6,5,3,7,5,6,6,6,4,7,"yes",17,4,2022-05-24,"man",31
"335",4,4,5,5,6,6,5,6,6,5,3,4,5,4,7,6,7,4,4,2,4,"yes",8,1,2023-08-20,"women",19
"336",4,6,5,5,4,5,4,3,3,6,4,4,7,6,1,3,3,2,5,4,4,"yes",12,2,2023-06-21,"women",24
"337",6,4,5,5,7,6,3,2,4,5,1,3,2,2,5,5,5,6,4,3,3,"yes",13,4,2023-03-08,"man",40
"338",5,6,6,5,6,5,3,3,3,4,6,5,6,6,5,5,5,4,5,6,6,"no",13,5,2022-08-09,"man",64
"339",6,5,5,7,3,7,5,6,5,5,6,6,7,6,5,1,4,5,5,6,6,"yes",14,3,2022-09-10,"women",27
"340",7,7,7,5,6,5,4,6,7,5,6,3,4,5,7,7,6,6,5,6,5,"yes",22,4,2023-08-09,"man",51
"341",5,4,4,6,4,4,4,4,6,3,4,6,5,4,4,4,6,5,3,5,6,"yes",13,4,2022-08-16,"women",46
"342",6,5,4,3,5,3,4,5,7,6,6,4,3,3,6,6,5,5,2,3,4,"no",10,5,2023-11-28,"women",28
"343",5,7,6,5,3,5,4,6,7,6,3,5,6,7,6,5,3,4,6,6,6,"no",20,6,2023-05-23,"women",34
"344",7,6,6,6,6,6,5,5,7,7,4,7,6,6,6,7,6,7,7,7,7,"yes",15,5,2023-02-28,"women",28
"345",5,6,4,6,6,6,6,7,5,7,3,5,5,6,6,4,5,5,7,6,7,"yes",17,5,2023-12-08,"man",53
"346",5,5,6,6,7,6,5,7,5,6,5,6,4,4,7,5,7,3,6,6,5,"yes",17,5,2023-08-26,"women",37
"347",7,6,7,7,5,5,6,6,7,6,6,6,6,4,6,3,5,5,6,6,3,"yes",22,5,2023-04-10,"man",38
"348",5,3,7,6,3,4,5,6,5,3,6,7,7,6,5,6,4,3,5,6,7,"no",15,3,2022-02-09,"women",35
"349",6,5,5,4,6,2,5,5,5,5,6,6,5,6,4,5,5,5,5,6,5,"yes",11,1,2022-12-14,"women",32
"350",6,5,6,5,6,6,7,7,7,5,7,6,7,6,3,5,4,6,7,7,6,"yes",16,4,2022-02-15,"women",41
"351",4,4,5,6,3,5,5,6,6,6,4,7,6,2,7,4,3,7,4,4,4,"yes",8,1,2022-10-01,"man",40
"352",2,3,3,5,7,4,5,3,4,7,6,5,6,6,4,6,7,3,6,4,5,"yes",6,1,2023-01-15,"man",49
"353",5,5,5,7,6,5,7,7,6,7,5,4,2,5,7,6,5,7,5,7,6,"yes",19,5,2022-07-02,"women",54
"354",5,5,4,5,4,6,5,3,6,6,4,3,4,6,5,5,3,7,5,3,6,"yes",18,5,2023-05-27,"man",34
"355",7,6,7,6,7,6,6,7,6,7,6,7,7,6,6,7,7,6,7,5,7,"yes",17,3,2022-09-29,"women",39
"356",5,4,4,5,5,6,4,5,4,5,3,2,2,3,5,6,5,3,3,6,5,"no",8,3,2023-10-23,"man",50
"357",6,6,7,5,5,5,5,2,5,5,6,7,6,6,5,5,5,6,3,5,6,"no",21,6,2023-03-04,"women",38
"358",3,4,4,7,6,6,5,4,6,4,3,4,4,2,6,5,2,4,7,7,6,"no",7,3,2023-11-21,"women",24
"359",7,7,6,6,7,7,5,6,7,7,6,7,7,6,5,6,5,7,5,4,5,"yes",16,5,2022-10-28,"man",54
"360",7,6,7,6,5,7,5,7,7,7,5,5,6,4,5,4,5,7,6,4,4,"yes",15,3,2023-06-10,"man",37
"361",2,6,6,3,6,4,7,5,3,4,4,3,4,4,7,4,5,6,2,4,5,"yes",17,6,2022-03-21,"man",59
"362",5,7,6,5,6,6,7,7,6,5,7,6,6,7,6,6,7,4,5,6,5,"no",16,4,2023-05-15,"man",34
"363",7,7,7,7,6,4,6,7,6,5,4,3,6,2,7,6,7,7,7,2,6,"yes",25,4,2022-07-05,"women",41
"364",5,4,5,6,6,6,7,7,6,6,5,5,7,7,7,7,7,7,7,5,7,"unsure",12,2,2022-06-08,"women",51
"365",6,3,7,3,5,6,4,5,5,4,4,4,3,2,4,5,5,3,5,6,5,"yes",16,4,2022-10-04,"women",30
"366",6,7,5,4,5,4,6,6,7,5,6,6,6,7,5,6,5,6,5,5,7,"yes",22,6,2023-03-07,"man",39
"367",3,3,4,4,6,5,4,4,5,3,5,5,5,5,6,6,7,5,6,4,5,"no",11,2,2022-12-31,"women",34
"368",7,7,7,5,4,4,7,5,4,3,5,5,6,6,4,6,4,3,6,6,6,"yes",16,5,2022-03-12,"women",35
"369",6,7,6,5,6,5,7,7,7,5,7,6,7,7,7,7,7,7,7,7,6,"yes",26,6,2023-08-15,"women",37
"370",7,6,7,7,7,7,6,7,7,7,7,6,7,4,7,7,7,7,7,5,6,"yes",26,8,2022-04-27,"man",44
"371",4,2,5,6,5,6,4,4,5,4,6,5,5,4,4,5,1,3,5,4,6,"yes",15,3,2023-09-02,"women",40
"372",6,6,4,6,6,7,7,5,6,7,7,7,6,7,5,6,6,6,6,5,3,"yes",21,3,2023-05-29,"man",28
"373",5,7,6,5,5,4,5,6,5,5,5,5,6,6,5,5,7,6,7,7,7,"yes",14,3,2022-08-14,"women",43
"374",3,4,6,2,2,3,6,7,6,7,6,7,7,7,5,7,6,2,5,5,7,"yes",15,4,2022-02-14,"man",41
"375",3,3,2,6,4,4,6,5,5,5,4,4,5,6,4,4,4,6,5,4,4,"yes",5,3,2023-03-19,"women",36
"376",7,6,6,4,5,7,7,7,7,4,6,4,6,7,5,5,5,6,4,6,5,"yes",16,3,2022-06-17,"women",47
"377",2,3,3,4,6,5,3,5,1,6,6,6,4,4,7,5,3,5,3,5,4,"yes",9,1,2022-12-27,"man",48
"378",6,7,6,5,7,6,4,4,7,6,4,6,5,5,4,4,6,3,7,5,7,"yes",19,3,2022-01-26,"women",24
"379",7,7,5,5,5,7,6,7,3,5,7,7,6,7,7,6,6,7,5,7,6,"yes",26,9,2023-06-12,"women",39
"380",4,5,3,6,6,5,7,5,7,5,6,6,6,6,6,7,7,7,6,6,5,"yes",16,2,2022-06-13,"women",44
"381",4,6,5,7,5,3,7,4,5,7,7,3,5,5,4,6,4,6,5,3,3,"yes",15,3,2023-09-29,"women",44
"382",6,7,4,6,5,5,7,7,6,6,7,7,7,6,6,6,7,7,4,6,6,"yes",14,3,2022-08-27,"women",26
"383",5,5,4,7,7,7,7,7,7,7,5,5,5,6,6,6,7,6,6,7,7,"yes",14,3,2022-07-07,"women",38
"384",5,4,4,7,7,6,7,7,6,7,6,2,4,5,6,5,6,6,6,6,4,"yes",8,2,2023-03-27,"man",28
"385",6,6,6,7,7,3,5,6,5,5,7,6,6,7,6,4,3,6,3,5,4,"yes",17,5,2022-07-22,"man",35
"386",7,7,6,6,7,4,7,7,7,7,5,3,5,5,6,4,7,7,7,7,5,"no",21,5,2022-11-23,"man",45
"387",6,7,6,4,2,3,6,6,5,6,4,3,5,3,7,6,5,6,7,6,6,"yes",22,5,2023-11-03,"man",46
"388",6,4,5,4,6,4,7,4,7,7,6,4,6,4,5,4,5,2,3,4,5,"yes",19,3,2022-01-10,"women",34
"389",7,7,6,6,5,6,6,6,5,5,6,7,7,7,6,6,5,5,6,7,6,"no",22,7,2023-06-12,"man",29
"390",3,6,7,2,2,2,5,4,6,6,5,4,3,5,6,7,4,6,4,4,5,"no",18,5,2023-06-19,"women",41
"391",6,2,7,5,5,6,6,4,6,3,4,5,5,5,6,5,5,6,6,5,6,"yes",15,2,2022-05-02,"women",41
"392",6,7,6,5,3,5,4,5,5,4,4,5,5,5,2,5,6,5,7,7,7,"yes",18,5,2023-03-15,"women",60
"393",7,6,7,7,7,6,7,7,6,7,6,5,5,5,7,7,7,7,7,7,7,"yes",21,3,2023-07-31,"man",35
"394",7,7,7,5,7,7,7,7,7,7,7,7,7,6,7,7,5,6,7,7,3,"yes",30,5,2022-11-22,"women",35
"395",4,5,4,6,4,5,5,4,7,6,5,4,6,5,5,6,5,6,5,4,6,"yes",15,3,2023-03-21,"man",51
"396",6,5,4,5,6,5,6,5,4,5,6,5,6,5,4,5,6,7,6,4,5,"yes",24,5,2022-05-18,"women",40
"397",4,5,3,4,7,7,6,4,5,7,6,4,6,3,5,7,5,7,6,5,6,"yes",17,4,2022-07-19,"women",39
"398",3,5,5,7,6,5,7,6,6,6,5,7,7,7,3,3,5,1,6,6,5,"no",11,4,2022-07-01,"women",50
"399",7,6,5,4,4,5,6,7,6,4,6,7,6,5,6,5,7,6,5,6,6,"yes",17,5,2023-11-11,"man",18
"400",6,4,6,4,6,3,5,7,6,7,6,6,6,4,6,6,5,6,5,6,5,"no",16,3,2022-01-18,"women",54
"401",2,5,6,5,4,5,5,6,4,6,6,6,6,7,5,5,6,6,7,5,4,"yes",12,2,2023-12-18,"women",42
"402",4,6,4,7,7,7,4,7,5,5,5,5,3,4,6,7,7,5,7,6,7,"yes",16,5,2022-06-17,"man",35
"403",7,6,6,5,7,5,4,6,4,3,6,6,7,5,6,4,6,7,5,6,6,"no",19,3,2023-08-17,"women",31
"404",4,4,4,4,6,6,6,4,4,4,4,4,5,2,5,7,6,5,3,3,5,"yes",12,3,2023-09-30,"women",61
"405",4,6,7,6,6,5,7,7,7,7,6,7,7,6,6,6,6,4,7,7,6,"yes",14,3,2022-12-13,"man",42
"406",7,6,6,5,4,3,7,5,7,6,6,7,7,7,7,6,7,6,7,4,7,"yes",10,1,2022-05-08,"man",34
"407",5,5,6,5,6,6,6,6,6,5,6,6,6,6,3,4,5,6,6,7,5,"yes",13,4,2023-04-23,"women",40
"408",5,4,5,6,6,4,4,5,7,6,5,6,3,5,6,5,4,4,5,7,3,"no",13,2,2023-03-12,"man",49
"409",4,5,5,4,3,4,5,6,5,5,6,6,6,6,6,7,5,4,6,4,5,"no",16,3,2022-01-28,"women",32
"410",6,5,7,3,4,3,5,4,5,3,4,3,5,2,5,7,5,4,6,6,7,"yes",13,5,2022-12-15,"man",39
"411",7,6,6,6,6,6,7,7,6,5,6,5,7,5,5,5,6,5,5,7,7,"no",18,5,2023-10-03,"women",22
"412",5,6,4,2,3,3,4,5,6,4,5,5,5,6,3,5,4,4,6,4,6,"no",19,4,2022-08-02,"women",41
"413",5,3,3,6,4,6,4,6,2,5,4,4,4,4,4,5,6,2,6,5,5,"yes",4,1,2023-06-06,"man",34
"414",5,6,4,7,7,5,5,6,7,6,6,7,6,4,5,6,5,5,7,6,6,"no",19,3,2023-05-25,"women",22
"415",6,4,3,5,4,4,7,6,5,6,3,4,1,3,5,3,3,3,4,5,4,"no",19,5,2023-06-07,"man",47
"416",6,7,7,7,7,7,7,7,7,6,7,5,6,6,2,3,4,4,7,7,6,"no",30,4,2022-06-19,"women",46
"417",7,7,7,7,7,6,5,7,7,5,7,7,7,7,7,6,7,7,4,6,2,"yes",22,5,2022-04-20,"women",49
"418",6,4,3,6,4,4,3,5,3,5,7,5,6,5,6,5,5,6,5,7,7,"yes",17,2,2023-03-22,"women",33
"419",6,3,4,5,4,7,5,4,4,3,6,4,6,6,6,4,4,3,6,5,5,"no",16,3,2022-06-22,"women",40
"420",6,5,5,4,4,5,5,6,7,5,4,3,4,5,5,6,4,4,6,4,7,"yes",6,3,2023-02-10,"women",44
"421",7,7,7,7,7,7,7,7,7,7,7,6,7,6,7,5,7,7,7,5,6,"yes",22,6,2022-08-24,"man",50
"422",6,4,6,3,3,5,6,5,4,3,4,5,3,6,4,6,5,4,6,3,6,"yes",14,3,2022-01-21,"women",41
"423",7,6,4,6,6,5,6,4,6,5,3,5,4,7,5,6,7,7,6,5,6,"no",20,5,2022-06-26,"women",36
"424",6,7,6,4,4,7,4,4,4,4,6,5,5,7,6,3,3,5,7,6,7,"no",17,3,2022-02-01,"women",36
"425",1,4,5,3,4,3,6,6,4,5,4,5,4,4,3,4,6,5,6,5,4,"yes",9,3,2022-07-11,"women",26
"426",7,6,7,7,7,7,7,7,7,7,7,5,7,7,7,7,7,7,5,5,6,"yes",17,5,2023-04-12,"women",36
"427",4,3,4,6,5,5,3,4,4,5,7,6,6,6,4,6,5,2,7,4,5,"yes",13,4,2022-11-13,"women",41
"428",4,7,5,3,3,4,5,4,6,4,4,5,2,2,5,5,4,7,4,5,5,"yes",16,3,2023-05-12,"man",40
"429",6,3,6,5,7,6,7,7,6,5,5,4,6,6,6,6,7,7,4,4,5,"yes",17,5,2022-08-09,"man",46
"430",6,7,7,7,5,7,6,7,7,6,7,6,7,7,7,7,7,7,6,4,7,"yes",19,3,2023-04-22,"women",39
"431",6,5,5,6,5,6,6,3,5,7,2,6,3,4,3,6,5,3,3,5,6,"yes",19,6,2023-10-20,"women",32
"432",5,3,4,4,5,5,4,5,2,5,6,6,5,6,6,7,6,7,5,4,4,"yes",15,2,2023-05-29,"women",35
"433",6,7,6,7,7,6,4,5,5,7,3,6,5,5,3,7,5,7,7,6,6,"yes",25,6,2022-07-24,"man",40
"434",7,6,6,7,6,5,4,4,6,5,6,7,6,7,4,4,5,3,5,3,6,"yes",12,5,2023-01-22,"women",41
"435",5,7,7,7,5,7,7,5,5,7,4,6,4,4,5,6,7,5,4,2,5,"yes",22,5,2023-11-20,"man",50
"436",2,6,4,6,5,4,3,5,4,5,6,4,4,3,3,2,5,2,5,4,6,"yes",13,5,2022-11-18,"women",45
"437",5,1,3,4,5,5,7,7,5,4,4,3,4,6,7,5,5,5,6,6,5,"yes",12,3,2022-04-15,"women",34
"438",4,5,5,6,6,5,6,5,4,1,6,5,4,7,5,4,6,6,6,6,6,"yes",16,4,2022-11-26,"women",43
"439",6,7,7,3,2,6,7,5,7,5,6,6,5,4,7,2,5,5,5,5,7,"yes",18,3,2023-03-17,"women",26
"440",3,7,6,2,5,3,7,6,5,4,4,4,4,3,2,5,3,5,7,6,5,"no",16,4,2023-07-10,"women",41
"441",7,7,7,5,6,5,5,5,7,6,5,6,5,5,6,3,4,5,6,7,7,"yes",27,8,2022-08-31,"man",49
"442",4,5,5,7,5,6,5,4,5,6,7,7,6,5,6,6,7,5,5,6,6,"yes",13,3,2023-10-04,"women",27
"443",7,7,7,6,6,6,2,4,4,6,4,6,3,5,3,4,6,6,4,4,5,"yes",29,4,2023-03-08,"women",38
"444",7,7,7,5,6,4,6,5,4,5,6,3,4,5,4,7,6,7,4,5,4,"unsure",16,5,2023-03-08,"women",46
"445",6,3,3,7,7,7,6,4,4,7,5,6,7,7,7,6,6,5,7,7,7,"yes",15,1,2022-05-13,"women",30
"446",4,5,6,2,6,4,7,5,7,2,5,4,6,7,4,7,5,4,4,6,7,"yes",10,3,2022-03-19,"man",43
"447",5,5,5,6,4,3,6,5,6,3,5,5,4,7,4,5,3,2,5,7,5,"no",18,6,2022-08-24,"man",40
"448",5,3,6,5,6,7,4,6,6,6,5,6,6,6,3,4,4,3,7,6,5,"yes",16,4,2022-01-08,"women",42
"449",7,5,6,5,7,7,7,7,7,5,6,7,7,7,7,7,7,7,6,7,7,"yes",15,3,2022-11-14,"man",35
"450",6,5,6,5,6,6,7,7,7,6,6,6,6,5,7,7,6,6,7,7,7,"yes",12,2,2023-04-15,"women",37
"451",4,3,3,4,7,7,5,5,5,6,4,3,5,4,6,5,3,5,2,6,5,"yes",5,1,2022-05-13,"women",35
"452",5,7,5,6,5,7,3,5,5,7,4,3,4,5,6,4,6,7,4,5,7,"yes",17,4,2022-06-20,"women",32
"453",4,3,3,6,5,5,3,5,5,3,7,5,5,5,6,6,5,6,7,6,6,"yes",5,2,2023-12-17,"man",28
"454",5,7,7,5,4,5,2,4,3,6,7,6,6,5,4,5,7,5,6,5,4,"yes",17,4,2023-02-22,"women",37
"455",7,6,7,7,7,7,7,7,7,7,5,6,5,6,7,6,7,6,5,7,5,"yes",19,5,2022-02-10,"man",37
"456",5,4,6,7,5,6,6,7,6,5,6,5,6,6,6,6,6,3,7,7,7,"yes",21,5,2023-11-14,"women",56
"457",7,5,5,6,7,6,6,7,4,6,6,6,6,1,6,7,5,7,7,7,6,"no",19,5,2023-05-15,"man",37
"458",4,4,6,5,7,5,3,5,3,4,7,6,6,4,6,3,5,5,6,7,6,"yes",7,3,2022-01-26,"women",40
"459",6,7,6,1,4,3,6,2,5,4,6,7,5,4,6,7,7,6,7,5,5,"no",29,6,2022-07-26,"man",62
"460",7,6,4,6,5,3,6,6,3,4,5,5,7,5,7,7,7,7,5,6,5,"yes",9,3,2023-11-03,"man",31
"461",7,5,7,3,2,2,4,5,5,7,6,5,6,6,7,6,6,6,5,5,5,"yes",21,5,2023-09-21,"women",24
"462",6,6,5,6,5,6,5,3,6,6,5,7,7,5,6,6,5,6,5,6,6,"yes",20,4,2023-11-06,"women",35
"463",7,7,4,6,7,7,6,5,7,7,3,6,7,5,5,5,6,7,5,6,6,"no",14,3,2023-11-18,"man",56
"464",4,3,6,5,6,4,3,7,6,5,5,7,5,6,2,5,3,4,4,7,5,"yes",19,2,2022-12-12,"man",62
"465",6,6,7,5,2,4,4,5,6,5,7,4,7,6,5,4,6,7,5,5,4,"no",29,7,2022-02-23,"women",31
"466",6,6,7,5,5,6,3,6,4,6,4,6,6,7,6,5,4,4,4,6,3,"yes",16,4,2022-10-15,"women",45
"467",7,7,5,6,6,7,7,6,7,7,5,7,6,7,6,6,6,6,3,5,5,"yes",19,5,2022-10-18,"women",61
"468",3,5,5,7,6,7,4,6,6,7,1,6,2,3,7,6,6,6,4,5,5,"yes",16,3,2022-03-30,"man",60
"469",4,2,2,6,6,7,6,5,6,6,7,7,6,7,7,6,7,7,7,6,4,"no",3,1,2023-05-31,"women",34
"470",5,5,6,6,3,5,5,7,5,4,4,6,6,4,5,6,3,6,2,4,5,"yes",13,3,2023-06-09,"women",55
"471",3,6,5,6,5,5,5,4,3,5,5,5,2,3,7,6,5,5,4,3,6,"yes",15,2,2023-11-27,"women",50
"472",7,5,5,4,4,6,5,4,4,7,4,3,5,1,5,5,6,6,7,3,5,"yes",23,5,2023-10-09,"man",21
"473",6,7,7,4,7,7,6,5,7,7,6,5,6,4,7,7,7,6,7,7,7,"yes",24,5,2022-09-04,"women",58
"474",6,6,5,7,7,6,7,7,6,7,6,7,7,6,6,6,7,6,5,6,6,"yes",24,5,2023-11-08,"man",57
"475",5,5,5,4,4,4,5,5,5,7,6,4,5,6,4,5,4,5,3,6,3,"no",8,3,2023-12-30,"man",56
"476",3,3,3,6,5,5,6,4,4,6,4,3,4,6,3,2,4,3,5,4,4,"yes",14,4,2023-02-22,"women",36
"477",7,4,6,6,4,6,6,5,6,5,4,5,3,3,7,6,5,5,4,6,6,"yes",14,4,2022-11-05,"women",44
"478",4,6,7,6,7,6,5,5,5,5,4,4,6,6,5,3,5,5,6,4,4,"yes",26,6,2023-05-07,"women",30
"479",7,6,6,6,5,3,7,6,6,6,6,7,7,6,5,5,6,6,6,7,6,"yes",22,7,2022-11-05,"women",37
"480",3,5,6,7,7,7,2,2,4,5,6,6,6,5,5,7,6,6,7,7,6,"yes",15,2,2023-01-24,"women",62
"481",5,6,6,7,5,5,7,7,6,6,5,5,5,5,6,6,7,7,6,7,7,"yes",16,6,2022-08-01,"women",61
"482",5,3,4,7,6,7,6,2,6,7,7,7,7,6,5,5,5,5,7,7,6,"yes",16,3,2022-04-18,"women",49
"483",7,7,6,5,6,5,6,7,6,5,6,7,7,6,7,6,7,7,3,5,6,"yes",21,4,2023-08-27,"women",50
"484",6,6,6,6,6,5,6,5,6,3,7,7,5,6,5,6,7,6,7,6,7,"yes",22,6,2022-08-10,"women",58
"485",5,6,4,6,5,6,4,3,5,5,5,4,5,5,4,3,3,4,7,5,7,"yes",17,3,2022-11-09,"man",55
"486",6,4,6,6,6,7,4,7,7,6,5,5,3,5,6,5,4,4,6,7,6,"yes",14,5,2022-01-04,"women",32
"487",6,6,7,5,7,4,4,4,3,5,4,7,7,6,5,5,3,5,7,5,7,"yes",21,5,2022-08-12,"women",47
"488",2,3,4,4,5,6,6,3,6,3,7,7,6,6,6,6,4,6,3,5,4,"yes",8,2,2023-12-02,"women",35
"489",7,5,6,4,5,6,4,5,5,6,5,5,6,5,6,4,4,3,6,6,6,"yes",19,3,2022-12-02,"women",44
"490",7,7,5,3,5,7,5,6,6,3,6,7,7,7,6,5,6,5,2,5,5,"yes",18,6,2022-04-28,"women",31
"491",6,6,7,7,7,7,7,7,7,7,7,7,6,7,6,7,7,7,6,7,7,"yes",15,3,2023-10-29,"man",42
"492",4,6,6,6,5,5,4,5,6,7,3,4,6,3,5,4,3,6,6,7,5,"yes",8,2,2022-07-17,"man",18
"493",7,5,3,6,5,6,3,7,4,7,7,5,7,6,6,7,6,7,5,4,5,"yes",17,6,2023-07-05,"women",57
"494",6,5,7,5,6,4,3,4,5,6,5,5,4,3,3,5,6,4,7,7,6,"no",19,3,2023-11-01,"women",31
"495",6,7,7,7,7,7,6,6,7,5,7,6,7,6,7,5,6,5,7,7,7,"yes",20,4,2023-09-22,"man",61
"496",6,7,6,4,3,4,5,4,4,3,7,6,6,6,5,4,3,5,5,5,5,"no",18,4,2023-02-03,"women",27
"497",6,6,6,6,6,5,3,4,6,7,6,6,7,7,7,7,3,6,5,4,6,"yes",18,6,2023-08-30,"women",37
"498",4,5,6,6,5,5,6,6,7,5,6,5,6,5,6,6,4,5,4,5,7,"no",17,4,2022-08-19,"man",27
"499",6,6,6,4,6,5,7,5,6,6,6,7,6,6,5,4,4,5,5,4,5,"yes",14,3,2023-07-29,"women",35
"500",5,4,3,5,5,4,7,6,5,6,5,3,5,4,5,3,4,6,6,6,7,"yes",18,4,2023-08-06,"man",30
"501",6,6,7,6,7,6,5,7,5,7,5,5,6,7,6,7,6,6,7,7,6,"yes",20,6,2023-03-12,"man",24
"502",4,3,3,4,5,4,5,7,4,3,5,6,3,6,4,5,4,4,5,5,4,"no",1,1,2023-03-01,"women",38
"503",3,6,7,7,6,6,6,6,7,6,6,5,6,7,5,6,5,5,4,4,4,"yes",8,3,2022-07-02,"man",49
"504",6,5,6,6,6,6,3,5,5,6,5,4,6,4,3,6,4,6,5,3,5,"yes",21,5,2022-11-13,"man",35
"505",5,6,7,7,7,6,6,7,7,7,3,5,5,7,5,7,6,5,6,5,4,"no",14,4,2022-08-17,"man",42
"506",7,6,7,7,5,5,6,6,7,7,6,5,7,5,7,7,7,7,3,6,4,"yes",21,4,2023-01-13,"man",30
"507",7,7,7,5,7,6,4,7,3,5,3,6,4,6,3,3,5,5,3,6,7,"yes",21,6,2023-09-17,"man",35
"508",5,5,5,5,4,5,7,6,4,4,4,2,4,3,3,1,2,3,4,3,4,"yes",19,5,2023-11-09,"women",38
"509",7,7,7,7,7,7,7,7,7,7,7,7,7,7,7,7,6,7,7,6,6,"no",16,4,2022-10-17,"man",48
"510",6,4,5,7,7,7,2,3,2,5,5,5,5,5,6,7,7,6,6,6,7,"yes",26,6,2022-08-09,"man",48
"511",3,4,6,5,6,5,3,5,6,6,5,5,6,6,7,4,6,6,7,6,5,"yes",19,3,2023-02-10,"women",33
"512",4,4,4,6,7,6,5,6,4,5,6,6,6,5,3,4,4,4,7,6,5,"yes",13,3,2022-07-10,"women",42
"513",7,5,3,6,7,7,6,4,6,6,5,7,6,5,7,7,7,7,7,6,7,"no",7,2,2023-08-11,"man",29
"514",5,6,6,7,6,7,7,6,5,4,6,7,7,4,6,6,6,6,7,7,5,"yes",13,4,2022-05-14,"man",21
"515",6,6,6,6,6,5,3,4,2,5,5,4,1,5,3,4,3,5,6,6,4,"yes",17,5,2023-01-17,"man",28
"516",7,6,7,7,6,7,7,7,7,7,5,6,7,5,7,6,7,6,6,7,6,"yes",23,3,2022-08-27,"man",21
"517",6,5,7,7,7,7,5,6,4,6,7,7,7,7,7,6,6,6,7,5,7,"yes",17,6,2022-07-03,"man",40
"518",5,5,4,4,5,4,5,6,5,7,6,6,6,5,7,2,4,3,4,4,6,"yes",20,6,2023-11-23,"women",30
"519",4,7,6,6,5,6,6,7,5,4,5,6,5,5,5,7,5,6,6,5,6,"yes",18,6,2022-09-11,"women",43
"520",4,1,5,5,6,5,5,5,4,5,4,3,6,4,6,7,6,7,2,4,4,"yes",11,3,2023-10-09,"Non-binary/other",42
"521",6,5,6,6,6,6,7,7,7,4,5,6,5,4,5,6,4,5,2,4,4,"yes",19,4,2023-09-17,"women",63
"522",6,6,5,5,5,6,6,7,6,4,7,6,6,6,6,7,6,5,7,5,5,"yes",16,4,2023-11-01,"women",47
"523",7,7,6,5,5,6,6,7,7,7,5,5,6,4,6,5,6,7,4,6,5,"yes",13,4,2023-05-10,"women",20
"524",6,7,6,5,5,6,6,5,4,5,4,5,3,6,4,7,6,6,6,5,7,"no",16,5,2023-09-09,"women",39
"525",7,7,5,6,5,7,7,6,6,7,6,5,6,6,7,7,7,7,4,4,6,"no",15,2,2023-01-17,"women",49
"526",7,5,7,4,2,6,7,6,5,5,5,5,7,4,5,5,6,4,6,5,6,"yes",17,4,2022-06-28,"women",45
"527",6,7,6,5,3,5,5,6,7,3,7,7,5,4,5,4,6,5,4,5,4,"yes",15,2,2022-02-06,"women",44
"528",4,5,2,6,4,5,7,5,6,5,7,5,4,5,6,7,6,7,7,5,6,"yes",14,1,2023-11-02,"man",42
"529",6,6,6,4,3,3,6,6,6,5,5,6,3,6,6,4,6,5,7,7,6,"yes",21,6,2023-06-28,"man",42
"530",7,6,5,4,5,3,7,7,6,7,6,7,7,7,7,7,7,7,5,5,5,"yes",20,4,2022-05-08,"man",42
"531",6,5,3,6,4,5,6,4,4,4,7,7,7,7,5,7,6,6,7,5,7,"no",15,2,2023-05-05,"women",41
"532",5,6,7,6,6,7,7,6,5,7,3,4,4,4,5,3,3,3,4,3,4,"no",18,5,2022-12-14,"man",36
"533",7,6,4,7,6,5,5,5,6,7,6,6,5,5,6,6,5,5,7,6,7,"yes",8,1,2022-03-19,"women",57
"534",6,6,6,6,4,5,7,6,6,6,6,7,7,6,7,7,7,6,6,5,7,"no",17,4,2023-08-06,"women",18
"535",6,6,6,6,7,7,5,6,6,7,4,6,6,6,4,5,2,5,7,6,5,"yes",22,4,2022-03-04,"women",38
"536",6,6,5,6,7,7,6,7,5,4,6,7,7,7,3,5,7,5,6,7,7,"yes",17,4,2022-06-22,"women",39
"537",5,4,5,4,6,7,3,2,3,5,5,5,4,6,4,3,4,4,5,2,5,"no",15,3,2022-03-19,"man",52
"538",4,4,3,5,5,5,4,6,6,5,3,5,6,3,4,6,6,3,2,6,3,"yes",14,4,2022-05-28,"women",44
"539",7,7,7,7,7,7,7,7,6,7,7,7,7,7,7,7,7,7,7,7,7,"no",21,4,2022-04-10,"women",41
"540",5,4,5,4,5,2,5,4,6,4,3,2,4,5,6,5,4,5,5,6,4,"yes",14,1,2023-07-02,"man",31
"541",5,5,6,4,6,4,5,6,6,7,7,7,5,7,7,7,7,7,5,6,4,"yes",11,1,2022-12-18,"women",37
"542",7,5,6,6,5,7,6,7,7,7,6,5,6,6,6,5,5,6,5,4,7,"yes",18,4,2022-05-05,"women",49
"543",7,5,7,6,4,6,3,5,4,7,5,6,5,5,4,5,4,5,3,2,5,"yes",19,4,2023-08-08,"women",31
"544",7,6,7,6,5,6,6,6,3,3,3,5,5,5,5,7,6,4,5,6,4,"yes",18,4,2023-09-18,"man",38
"545",7,6,7,7,6,7,7,6,7,6,6,7,5,6,7,5,6,7,6,7,6,"yes",26,6,2023-02-17,"man",36
"546",5,5,3,7,6,7,4,3,5,6,5,4,7,5,7,7,5,6,6,6,7,"yes",14,4,2022-03-07,"man",54
"547",6,5,6,6,7,7,6,6,6,7,7,7,6,6,6,4,5,5,6,6,6,"yes",15,4,2023-08-28,"women",47
"548",7,7,7,6,7,7,6,7,7,6,4,7,7,6,6,4,6,4,5,6,6,"yes",24,5,2023-11-08,"women",54
"549",3,5,5,7,7,7,6,5,6,6,7,7,7,7,7,6,5,6,5,6,6,"yes",14,2,2023-11-24,"women",20
"550",6,6,7,7,6,7,7,7,7,7,6,7,6,6,5,7,7,5,4,7,5,"yes",24,5,2022-03-18,"women",33
"551",7,6,7,6,7,5,6,7,6,7,6,7,7,5,7,5,6,5,4,6,6,"no",16,3,2022-11-07,"women",40
"552",2,4,3,4,6,3,5,7,4,5,6,4,5,4,3,4,5,6,4,4,5,"no",15,4,2022-12-11,"women",45
"553",7,7,6,6,7,7,5,6,7,6,6,6,7,7,6,5,6,6,6,6,7,"yes",18,3,2022-01-06,"women",48
"554",5,4,5,3,6,5,4,3,4,6,7,5,5,5,6,5,5,2,4,5,4,"yes",16,3,2023-07-26,"women",44
"555",6,5,3,5,7,6,4,5,4,5,6,6,5,5,7,6,6,7,6,7,6,"yes",6,1,2022-01-15,"women",62
"556",4,5,3,5,5,4,6,6,4,6,6,5,6,4,7,5,5,6,4,2,4,"yes",18,4,2022-11-30,"man",25
"557",4,3,5,3,3,2,4,5,4,3,4,4,3,3,4,5,4,6,3,3,3,"yes",10,2,2022-06-23,"man",56
"558",1,4,5,3,5,5,2,3,6,3,7,7,7,6,5,6,6,7,6,5,4,"yes",13,2,2022-12-03,"women",40
"559",7,5,7,7,6,5,6,2,6,7,7,5,7,5,7,6,7,7,6,6,6,"yes",22,7,2023-04-27,"man",43
"560",5,6,6,6,4,5,4,6,4,5,4,4,5,4,2,3,4,3,5,2,1,"yes",14,2,2023-06-19,"man",46
"561",7,5,7,6,6,3,5,6,5,5,6,5,5,5,5,3,4,5,5,5,6,"no",23,6,2023-05-16,"women",51
"562",7,6,7,5,5,6,6,4,6,5,7,7,7,7,6,7,7,5,6,5,7,"yes",24,5,2022-02-28,"man",24
"563",2,2,4,6,7,6,4,5,4,4,5,5,7,6,4,5,5,4,5,5,6,"yes",7,3,2023-01-24,"man",37
"564",7,6,7,3,4,3,5,3,5,4,5,6,6,5,2,5,3,3,7,3,5,"yes",22,3,2022-11-10,"man",31
"565",6,6,7,4,5,4,5,6,6,3,4,4,6,3,3,5,3,4,3,4,4,"yes",25,5,2022-06-12,"women",51
"566",6,4,6,5,5,5,5,6,4,7,4,6,7,5,4,5,5,4,6,6,4,"yes",21,5,2023-06-17,"women",40
"567",6,6,7,5,5,6,5,5,4,5,2,3,4,3,6,5,4,5,5,6,5,"no",20,3,2022-07-13,"man",50
"568",5,7,6,6,5,5,5,4,5,5,7,7,7,4,4,4,3,3,2,3,1,"yes",27,5,2023-06-07,"women",48
"569",5,4,5,4,6,4,5,6,6,2,5,5,4,5,4,5,7,7,5,2,4,"yes",8,4,2022-07-14,"man",25
"570",4,3,6,6,4,3,5,7,5,5,3,4,4,4,5,6,4,3,5,6,7,"yes",13,3,2022-08-05,"women",43
"571",6,5,5,7,6,7,5,3,2,4,6,5,7,4,3,4,5,2,7,6,5,"unsure",17,4,2022-01-16,"man",51
"572",6,7,6,3,2,6,6,5,5,5,6,4,5,7,6,6,4,5,7,3,4,"yes",20,6,2023-12-27,"women",39
"573",5,5,2,1,3,3,4,6,3,4,6,7,6,6,4,5,3,5,4,5,6,"yes",8,2,2022-05-28,"women",45
"574",4,5,4,6,6,6,6,6,7,7,7,6,6,6,3,7,7,7,6,6,6,"yes",7,3,2023-11-18,"man",53
"575",6,6,7,4,5,6,6,6,4,6,6,7,5,5,6,5,4,3,5,5,5,"no",20,5,2023-07-25,"women",51
"576",6,6,6,7,7,6,7,7,7,7,7,7,7,6,7,7,7,7,7,7,7,"yes",17,4,2023-11-15,"women",38
"577",5,6,7,5,5,5,6,5,6,5,7,7,7,5,4,4,5,6,6,7,7,"yes",24,6,2022-03-29,"women",29
"578",7,4,4,6,6,5,7,6,4,5,4,4,7,4,6,6,7,7,7,6,4,"no",20,4,2022-04-12,"women",46
"579",6,7,6,5,7,5,5,3,5,6,7,7,6,6,6,6,6,5,6,5,5,"yes",23,6,2022-11-22,"women",39
"580",6,7,6,5,3,5,3,5,5,4,5,6,6,5,2,4,6,6,6,4,4,"yes",15,3,2023-05-04,"women",23
"581",3,6,6,6,4,4,3,3,2,5,5,5,4,5,4,5,6,3,5,2,7,"yes",15,4,2023-09-27,"women",49
"582",7,6,6,5,7,7,7,7,6,5,5,5,6,6,6,6,6,6,4,4,4,"yes",18,4,2022-05-25,"man",32
"583",4,5,5,7,5,7,7,7,7,7,6,6,7,7,7,7,6,7,5,6,7,"yes",13,3,2023-06-11,"man",23
"584",5,5,3,3,6,4,7,5,6,5,3,4,5,5,5,6,3,6,4,2,2,"no",15,3,2023-05-14,"man",49
"585",5,5,4,4,5,6,2,4,3,6,5,7,6,6,5,5,6,4,7,4,6,"yes",17,5,2023-07-08,"women",49
"586",6,6,4,5,2,6,4,5,5,6,3,5,5,5,5,5,4,2,6,7,5,"no",12,3,2022-04-21,"man",42
"587",7,5,5,7,7,7,7,7,7,7,6,7,6,7,7,7,6,7,7,7,7,"yes",22,4,2022-07-29,"women",31
"588",3,3,4,5,3,4,6,5,3,5,5,4,6,2,5,7,5,5,4,3,6,"yes",8,2,2022-08-03,"women",59
"589",4,4,2,6,3,6,7,6,7,3,7,7,6,3,5,7,6,5,5,6,6,"yes",12,5,2022-12-23,"women",64
"590",6,7,4,5,5,4,5,6,4,5,7,7,6,7,7,7,6,7,7,5,6,"yes",25,3,2022-12-29,"women",57
"591",7,6,7,7,5,7,5,6,3,4,5,5,6,6,7,7,5,7,5,6,6,"yes",16,3,2023-11-24,"women",49
"592",4,4,4,4,3,4,6,5,5,3,3,5,4,5,3,3,5,2,3,4,5,"yes",13,3,2023-06-09,"man",38
"593",6,7,7,4,4,4,3,7,5,4,6,6,6,6,7,5,6,4,7,7,6,"yes",27,5,2022-03-23,"man",30
"594",7,7,6,6,5,6,6,5,4,4,4,6,5,2,7,7,7,7,5,6,6,"yes",16,4,2023-05-09,"women",38
"595",4,6,7,5,5,5,3,5,2,6,6,1,6,4,4,5,5,3,3,4,4,"yes",16,6,2023-03-14,"women",46
"596",7,6,5,7,4,6,5,7,5,7,5,6,5,6,5,7,7,5,6,5,7,"yes",23,6,2023-05-08,"man",39
"597",3,5,6,6,5,5,5,5,4,4,5,4,2,4,5,4,4,5,4,4,2,"yes",17,5,2023-07-26,"man",47
"598",7,7,7,6,6,7,7,7,7,5,7,7,7,7,7,6,7,6,7,7,6,"yes",16,4,2024-01-01,"man",49
"599",6,6,6,5,4,6,3,3,3,3,7,5,6,5,4,6,4,6,5,5,4,"no",12,3,2023-10-17,"man",43
"600",5,5,3,6,5,5,5,5,7,6,4,6,5,7,5,5,6,6,7,5,4,"yes",10,3,2023-03-17,"man",30
"601",5,3,3,6,6,6,6,6,7,6,5,6,7,6,5,6,6,6,4,6,6,"yes",8,4,2023-10-12,"man",42
"602",5,6,6,4,3,6,5,5,5,5,5,4,4,5,3,4,3,7,7,5,5,"yes",11,3,2023-11-19,"women",20
"603",7,6,6,7,7,7,6,6,5,6,6,7,7,7,7,7,6,6,7,7,6,"yes",12,3,2022-03-01,"women",37
"604",4,7,5,6,6,5,4,4,4,5,6,5,5,6,5,5,7,5,5,4,5,"yes",11,5,2022-03-02,"women",51
"605",6,7,6,2,5,5,7,6,7,7,7,6,7,7,7,4,5,5,3,4,4,"yes",18,6,2022-08-21,"women",36
"606",6,7,7,6,7,4,4,5,5,5,5,5,3,5,3,6,5,3,4,6,5,"yes",18,3,2022-04-14,"women",35
"607",7,7,7,7,7,7,7,7,3,6,7,7,7,6,6,7,5,4,6,7,7,"no",27,6,2022-10-23,"man",18
"608",6,6,6,4,6,4,5,6,5,6,5,4,5,4,4,5,4,6,6,6,6,"yes",20,2,2022-04-04,"women",36
"609",6,6,3,5,5,6,6,2,7,6,5,5,5,7,5,6,6,5,5,7,5,"yes",13,4,2022-10-24,"man",35
"610",4,5,5,4,5,4,4,6,3,3,3,2,3,5,3,3,4,5,5,6,7,"yes",19,4,2022-03-19,"women",30
"611",6,7,6,6,7,3,6,6,4,5,6,6,5,7,7,6,6,6,3,5,5,"yes",18,5,2022-11-21,"women",39
"612",1,4,6,5,7,6,7,7,7,4,5,5,4,5,7,7,7,7,7,6,6,"no",8,3,2022-09-09,"man",49
"613",5,6,5,7,7,7,6,7,6,6,7,7,6,7,6,5,5,3,6,7,7,"yes",17,5,2023-11-02,"man",39
"614",3,5,3,6,5,4,4,3,3,4,3,4,6,2,7,6,4,6,6,6,2,"yes",10,1,2022-04-26,"women",37
"615",3,3,6,3,4,4,5,5,4,7,5,2,5,4,6,6,6,7,6,5,5,"yes",14,3,2022-09-14,"women",33
"616",6,4,7,6,6,6,6,7,7,3,6,6,5,4,5,4,4,5,4,4,6,"yes",16,3,2023-02-20,"women",54
"617",7,3,7,5,7,6,6,6,7,6,7,7,7,7,5,7,7,7,7,6,7,"yes",19,3,2023-09-09,"man",46
"618",6,6,7,7,7,7,6,7,6,6,6,6,6,7,5,4,6,7,6,3,5,"yes",17,3,2022-01-20,"women",54
"619",3,6,3,3,3,5,4,5,6,5,5,5,5,3,4,5,3,4,7,5,6,"yes",13,1,2023-06-29,"women",29
"620",6,6,6,6,7,5,6,6,4,6,7,7,6,7,6,6,7,6,5,6,5,"yes",23,6,2023-04-25,"man",34
"621",6,4,4,6,5,6,6,7,6,6,6,5,5,6,5,6,6,5,6,7,4,"yes",8,2,2022-02-17,"women",61
"622",7,6,5,6,4,4,4,4,4,6,3,4,5,3,4,2,7,3,6,5,4,"yes",24,6,2022-12-28,"women",40
"623",6,5,5,6,4,4,6,6,5,3,5,4,6,6,5,4,6,5,7,5,4,"yes",20,4,2023-02-14,"man",68
"624",6,6,7,5,5,6,2,3,2,7,6,5,4,6,6,6,4,4,5,2,3,"no",21,5,2022-04-12,"women",50
"625",5,4,6,3,5,5,6,6,5,4,7,6,7,7,1,2,5,4,4,3,5,"yes",15,3,2022-10-04,"man",29
"626",7,6,7,7,7,5,7,7,7,7,7,7,7,7,7,5,7,7,7,7,7,"yes",27,4,2023-12-17,"women",42
"627",7,5,3,6,6,6,4,4,5,5,5,7,7,7,6,7,7,6,5,5,4,"yes",17,3,2023-02-08,"man",37
"628",6,4,4,5,3,5,6,4,4,6,6,6,7,5,6,6,6,4,7,6,5,"yes",15,4,2022-02-25,"women",46
"629",6,7,5,5,4,5,2,5,2,5,5,2,6,6,3,4,5,4,6,6,6,"yes",27,7,2023-04-07,"women",30
"630",2,5,5,5,6,5,5,6,5,4,5,4,4,6,6,5,5,6,5,3,3,"yes",13,2,2022-03-03,"women",35
"631",5,3,2,5,5,2,5,6,5,6,3,4,5,6,4,5,3,6,3,6,6,"no",11,2,2023-09-25,"women",35
"632",5,4,6,4,5,3,4,6,3,6,6,6,6,6,4,6,4,5,6,5,6,"yes",16,3,2023-11-24,"man",56
"633",5,2,3,2,4,6,2,2,2,7,5,5,1,3,3,4,5,4,4,5,4,"yes",10,1,2022-10-05,"women",26
"634",2,5,6,4,2,3,7,6,6,4,7,6,6,7,4,5,3,3,3,5,2,"yes",14,3,2023-11-14,"man",27
"635",2,5,4,5,4,4,7,6,5,4,5,5,6,5,3,5,5,4,5,7,6,"yes",14,2,2022-09-19,"man",49
"636",7,7,6,3,3,2,6,5,6,4,7,7,5,7,5,5,3,5,6,4,6,"no",23,4,2022-07-30,"man",31
"637",6,4,5,6,6,5,5,7,6,2,3,5,4,2,5,1,4,3,5,4,5,"yes",20,4,2022-03-17,"women",49
"638",6,5,3,4,7,5,6,6,6,4,6,7,6,2,4,5,4,5,4,6,5,"no",12,2,2023-03-12,"women",30
"639",6,5,4,5,5,4,4,4,1,6,6,7,4,6,6,3,4,5,5,2,5,"no",16,4,2023-07-27,"women",23
"640",3,5,5,7,7,7,6,6,5,4,7,7,7,7,4,6,7,6,6,7,4,"no",12,3,2022-06-29,"women",48
"641",5,5,6,4,3,3,5,5,4,6,6,5,7,6,5,5,6,4,6,4,5,"yes",24,5,2022-09-04,"man",36
"642",5,6,7,7,7,6,6,5,5,6,5,5,6,7,7,5,7,6,7,7,7,"no",25,5,2023-03-26,"man",45
"643",4,7,7,5,6,3,6,5,4,4,7,6,6,6,6,5,5,4,5,4,4,"yes",20,4,2023-09-25,"man",36
"644",4,6,4,6,5,7,6,3,4,5,3,6,5,4,3,6,6,6,5,6,5,"yes",13,4,2022-08-22,"man",55
"645",7,7,7,7,7,7,7,7,7,5,5,5,4,6,7,7,6,7,6,7,7,"yes",18,5,2022-04-19,"women",33
"646",6,6,6,7,7,7,4,4,5,7,4,3,3,5,7,7,7,7,5,6,7,"yes",22,6,2022-09-04,"man",23
"647",7,7,7,7,7,6,7,6,5,6,5,6,5,4,4,5,6,5,6,6,6,"no",20,2,2023-03-28,"man",39
"648",5,5,6,4,5,5,7,6,5,4,4,5,7,4,6,2,4,6,5,6,5,"no",27,6,2022-11-05,"women",40
"649",4,4,4,5,5,5,4,4,5,4,5,3,4,5,3,6,4,5,4,4,5,"yes",23,5,2023-01-13,"women",42
"650",3,2,6,7,6,5,3,3,3,4,4,2,3,4,5,6,4,6,6,5,5,"yes",9,3,2022-02-24,"man",32
"651",5,7,7,7,7,7,7,7,7,2,7,7,7,7,7,6,7,7,6,6,7,"yes",20,5,2022-11-11,"man",49
"652",7,7,7,4,7,5,2,3,4,3,6,6,6,7,5,6,6,6,4,5,7,"yes",18,2,2023-03-06,"women",28
"653",3,2,5,4,5,7,6,5,7,6,7,5,7,6,6,7,5,4,5,4,4,"yes",12,4,2023-04-04,"women",52
"654",6,5,7,5,2,4,4,4,3,4,6,6,3,5,4,7,5,4,5,6,6,"yes",22,5,2023-10-11,"women",38
"655",4,3,5,4,1,4,5,5,6,5,5,2,4,4,7,6,6,7,5,6,7,"yes",14,4,2023-10-27,"women",40
"656",5,7,4,5,7,7,3,4,6,5,6,5,6,4,6,6,6,5,6,5,6,"no",19,4,2023-02-03,"women",41
"657",6,7,7,4,5,3,4,6,4,6,6,6,7,5,5,7,6,5,7,5,6,"yes",17,5,2023-12-31,"man",36
"658",6,4,6,5,5,4,5,7,2,5,6,5,6,6,5,3,5,3,7,7,7,"no",12,3,2022-04-06,"women",55
"659",4,5,5,3,7,6,4,5,5,4,4,3,3,4,3,6,2,7,6,4,5,"yes",20,3,2022-12-14,"man",25
"660",3,5,3,6,4,5,6,7,6,4,6,7,6,7,4,5,6,6,5,6,7,"yes",6,2,2023-06-02,"man",42
"661",4,4,3,5,4,6,6,6,7,5,4,5,4,5,6,4,6,4,5,5,7,"yes",12,3,2023-06-06,"man",59
"662",7,7,7,4,5,6,5,7,7,7,6,5,4,7,5,4,6,4,7,7,7,"yes",25,3,2022-05-21,"man",21
"663",7,7,6,7,7,6,5,4,4,5,4,7,5,7,6,5,6,5,7,6,6,"yes",22,4,2022-04-13,"man",26
"664",7,7,7,6,3,6,6,7,6,6,5,4,3,4,4,5,6,5,6,6,6,"yes",22,5,2023-06-12,"women",36
"665",5,3,6,5,3,5,6,7,7,5,4,6,2,5,3,4,6,7,3,3,6,"no",9,1,2023-04-14,"women",35
"666",6,4,7,5,7,7,7,7,7,7,5,4,5,6,6,5,5,5,5,5,5,"no",24,4,2022-12-10,"women",51
"667",6,4,3,3,6,3,5,5,6,3,7,4,6,6,4,4,2,3,4,5,6,"yes",13,5,2022-07-26,"man",36
"668",7,6,7,4,6,5,7,6,5,6,6,6,7,7,4,3,5,4,7,7,7,"yes",22,4,2022-03-22,"women",38
"669",7,7,7,5,5,6,6,7,4,4,6,6,5,6,5,5,5,5,6,6,3,"yes",18,5,2023-07-09,"man",50
"670",5,5,5,6,5,4,6,6,6,5,5,4,4,3,4,3,5,5,6,7,6,"no",16,4,2022-10-14,"women",55
"671",4,6,5,5,1,4,6,5,7,3,4,4,4,5,5,4,4,6,7,5,7,"yes",23,6,2023-08-19,"women",47
"672",6,7,6,6,6,6,5,6,7,6,6,6,6,6,7,6,6,5,5,6,6,"yes",16,4,2023-03-09,"women",43
"673",4,1,2,5,5,5,4,4,5,6,3,3,4,5,5,6,7,6,2,2,2,"yes",10,2,2023-09-27,"women",26
"674",7,5,7,7,6,5,6,6,6,6,6,7,6,7,6,6,7,5,7,7,7,"no",21,6,2022-10-29,"women",47
"675",7,7,6,6,6,7,7,7,7,3,7,7,7,7,7,6,6,5,7,7,7,"yes",22,5,2023-03-06,"women",55
"676",5,3,4,6,7,7,4,6,6,6,6,6,7,5,4,6,4,5,4,4,4,"yes",13,4,2023-09-06,"man",62
"677",6,6,5,4,5,6,7,7,7,7,7,7,5,7,5,6,6,6,7,6,6,"yes",20,4,2023-02-22,"women",50
"678",4,5,6,5,3,6,5,5,5,5,6,4,5,7,6,6,6,7,5,6,6,"no",15,3,2022-03-12,"women",57
"679",6,4,4,7,6,7,6,6,6,5,7,6,7,7,6,4,7,6,5,5,7,"yes",13,1,2022-09-09,"man",54
"680",6,4,6,3,6,6,6,7,4,7,2,4,6,5,6,4,7,6,6,6,7,"yes",5,1,2022-06-21,"man",35
"681",3,4,4,5,7,6,6,4,6,5,4,4,6,4,5,4,6,6,5,6,4,"yes",20,5,2023-08-14,"women",36
"682",7,6,7,5,6,6,6,6,5,6,4,4,3,5,6,7,7,7,6,6,6,"yes",23,5,2022-05-04,"women",43
"683",5,5,4,2,3,4,3,6,5,5,6,4,6,7,6,6,4,6,5,5,5,"no",22,4,2023-05-28,"women",44
"684",5,3,5,5,4,5,6,6,5,5,5,6,6,5,6,5,6,6,3,5,4,"yes",9,1,2022-12-13,"man",34
"685",5,5,5,7,7,7,6,7,7,7,2,7,4,4,7,7,6,6,6,4,3,"yes",19,3,2022-12-14,"women",50
"686",5,5,5,7,7,6,7,4,6,5,7,5,7,6,3,5,7,6,6,4,7,"no",16,3,2022-01-14,"women",30
"687",1,5,5,5,5,3,3,2,1,5,4,5,6,3,2,4,5,2,6,4,5,"yes",10,2,2023-01-05,"man",42
"688",2,3,3,6,4,5,7,5,7,7,6,3,6,4,5,5,2,4,6,5,7,"yes",5,1,2022-02-27,"man",35
"689",7,6,6,7,5,5,5,3,5,4,4,4,5,4,5,6,7,4,4,4,4,"yes",23,6,2023-09-22,"women",23
"690",7,7,4,5,3,3,5,3,4,2,7,3,4,3,7,5,7,6,4,3,5,"yes",25,5,2022-05-15,"man",48
"691",7,7,6,6,6,6,5,6,6,5,3,5,6,6,3,7,6,5,6,7,6,"yes",24,6,2022-06-10,"women",49
"692",6,7,5,5,6,7,7,5,7,6,4,4,6,5,7,7,7,6,7,6,6,"yes",19,2,2023-05-04,"man",59
"693",6,6,5,4,5,7,5,6,5,7,6,6,4,5,6,7,7,7,6,3,6,"yes",16,5,2023-10-04,"women",44
"694",7,6,6,5,6,7,2,6,6,6,5,4,6,7,6,6,7,6,6,7,6,"no",21,7,2022-02-24,"man",52
"695",4,6,6,6,3,7,2,3,3,4,6,5,4,5,3,6,5,6,3,5,5,"no",13,3,2023-01-04,"women",44
"696",4,4,4,4,7,6,7,7,7,7,7,7,7,7,7,6,5,5,5,5,6,"yes",13,3,2022-08-27,"man",39
"697",3,5,5,5,4,2,7,4,4,5,6,6,6,4,4,3,2,3,6,6,5,"yes",15,2,2023-09-21,"women",38
"698",4,6,6,3,3,4,6,4,6,4,3,4,4,3,5,7,6,5,5,7,4,"yes",16,3,2022-09-07,"man",29
"699",5,4,7,4,6,4,5,7,6,6,5,5,4,3,5,3,5,2,5,5,4,"yes",17,4,2023-04-24,"women",69
"700",6,5,5,6,5,1,3,7,6,4,5,6,5,6,4,4,4,5,6,4,6,"yes",18,2,2023-03-28,"women",38
"701",7,7,7,6,4,6,7,7,7,7,5,6,5,4,7,7,7,7,6,5,5,"yes",17,5,2022-04-20,"women",21
"702",6,5,4,4,5,6,5,7,5,4,7,7,7,7,7,4,7,7,6,6,6,"yes",15,1,2023-08-01,"women",39
"703",3,5,6,4,7,4,5,3,3,7,3,6,6,4,4,4,5,2,6,7,3,"yes",11,2,2022-11-07,"man",38
"704",5,7,5,7,6,7,7,7,7,7,4,5,5,3,7,6,6,5,7,5,6,"yes",14,3,2022-11-13,"man",57
"705",5,5,7,4,4,4,6,7,4,6,5,5,3,2,4,7,6,6,6,5,5,"yes",16,2,2022-11-09,"women",48
"706",6,4,6,5,6,6,5,7,7,5,6,7,7,6,7,7,7,7,7,5,6,"yes",15,2,2022-04-16,"women",31
"707",7,7,6,6,5,7,6,6,6,4,6,7,6,6,7,7,5,7,7,6,7,"yes",20,4,2022-08-13,"women",39
"708",3,7,6,3,4,4,6,6,5,4,4,3,4,2,7,6,6,5,4,6,7,"yes",13,2,2023-03-27,"man",42
"709",5,5,7,7,4,6,5,5,6,4,3,5,2,6,4,7,5,5,5,4,5,"yes",16,5,2023-03-12,"man",50
"710",5,3,6,5,4,3,2,3,4,6,7,6,6,5,2,5,4,3,7,7,7,"yes",14,3,2022-11-27,"women",40
"711",3,5,5,5,6,5,6,7,7,6,5,3,4,5,3,4,7,4,6,6,6,"yes",19,6,2022-01-15,"women",36
"712",7,4,4,7,4,6,6,7,7,6,6,6,6,7,7,7,6,5,7,4,6,"no",16,4,2022-05-26,"man",32
"713",7,4,7,7,7,7,5,6,7,7,7,5,5,7,6,7,7,7,7,6,6,"yes",23,6,2022-02-12,"women",46
"714",5,6,4,4,7,5,4,6,6,5,7,4,6,3,5,6,5,2,5,5,2,"no",17,3,2022-09-15,"women",56
"715",4,6,6,6,6,6,6,5,3,4,5,6,5,4,4,6,5,5,5,6,5,"yes",23,5,2023-08-04,"women",56
"716",7,4,6,6,6,7,3,5,5,6,7,5,6,6,7,7,7,6,6,3,5,"yes",23,7,2023-01-26,"women",47
"717",3,4,4,7,6,6,6,5,5,7,6,6,6,6,6,4,7,5,4,4,7,"yes",11,4,2022-11-26,"man",42
"718",6,5,6,5,5,7,7,6,6,5,5,5,4,6,4,4,6,4,7,7,6,"yes",12,1,2022-04-27,"man",37
"719",4,6,3,4,6,7,3,4,4,7,2,5,3,6,7,6,5,5,6,6,5,"yes",22,3,2022-12-03,"man",39
"720",5,7,4,5,4,4,5,6,6,6,6,6,5,6,6,5,6,5,7,6,7,"yes",14,3,2023-03-10,"man",54
"721",4,5,6,5,5,5,4,4,6,4,5,5,6,7,7,5,6,7,6,4,5,"yes",18,4,2023-03-22,"man",38
"722",6,5,5,6,7,6,6,3,3,5,3,3,3,6,6,6,7,6,6,7,7,"yes",17,5,2023-02-24,"women",42
"723",5,3,7,6,4,6,4,4,5,5,5,6,5,6,4,5,5,4,4,3,3,"no",21,5,2023-08-08,"man",66
"724",4,3,5,6,7,7,3,3,4,7,7,4,6,6,5,6,3,6,1,2,2,"yes",9,4,2023-10-20,"women",42
"725",4,5,6,6,7,5,6,7,6,1,6,7,6,7,5,5,4,5,3,2,3,"yes",20,4,2022-12-27,"women",49
"726",7,5,6,2,6,6,3,5,6,6,3,4,3,4,3,4,4,5,2,4,3,"no",21,6,2023-03-26,"women",27
"727",6,3,5,6,6,6,6,5,7,7,7,7,7,7,7,7,7,5,6,6,6,"yes",18,5,2022-04-28,"women",47
"728",5,5,4,6,6,6,4,5,6,6,6,4,6,4,6,4,5,6,6,4,3,"yes",10,2,2022-12-01,"women",31
"729",5,5,6,6,4,6,4,6,5,5,6,7,4,6,4,6,5,2,5,6,6,"yes",15,4,2022-11-02,"women",53
"730",4,6,6,6,6,7,7,4,4,6,5,7,5,5,4,4,4,5,5,5,5,"yes",17,4,2022-05-28,"women",26
"731",6,7,7,6,7,7,7,7,7,5,7,6,7,7,6,5,6,7,6,7,7,"yes",20,5,2022-10-20,"women",26
"732",5,5,3,3,4,6,6,7,6,5,7,5,7,4,6,7,7,5,5,3,2,"no",19,5,2022-07-19,"man",31
"733",3,6,2,3,3,5,6,6,7,7,4,4,4,5,5,3,4,1,6,5,5,"yes",10,4,2023-10-17,"man",46
"734",7,6,6,7,7,7,1,2,4,7,7,5,5,5,7,6,7,4,7,7,6,"yes",21,6,2022-10-19,"women",40
"735",4,6,4,7,7,7,6,4,3,6,7,6,6,5,5,4,2,2,6,7,4,"yes",12,4,2022-04-01,"women",28
"736",7,6,5,7,4,6,6,5,6,6,6,4,7,4,6,6,6,6,5,5,4,"yes",26,6,2023-03-26,"man",44
"737",4,6,5,4,5,3,5,6,6,5,7,5,6,4,3,2,3,5,3,5,4,"yes",19,3,2023-09-08,"women",53
"738",5,6,7,4,6,4,6,4,7,5,7,6,5,6,4,7,7,6,6,7,5,"yes",14,3,2023-10-14,"women",45
"739",4,4,3,5,3,4,7,6,5,6,7,2,5,4,6,5,5,2,7,6,6,"yes",13,5,2023-06-18,"women",37
"740",7,5,7,6,6,7,6,6,5,5,7,7,7,5,7,7,6,4,4,6,4,"yes",24,4,2023-11-24,"man",51
"741",5,6,6,7,4,4,7,6,7,5,5,6,6,6,6,5,7,6,2,2,2,"yes",19,6,2022-03-30,"women",38
"742",7,6,4,6,6,7,4,6,5,5,4,5,5,4,2,3,3,5,4,4,5,"yes",28,5,2023-02-02,"man",29
"743",4,6,6,7,7,7,7,3,7,7,6,6,6,4,6,6,5,7,7,7,7,"yes",21,5,2022-10-08,"women",42
"744",4,3,5,5,6,6,5,4,6,7,5,5,5,5,7,7,6,7,6,5,7,"yes",16,4,2022-02-21,"women",27
"745",7,6,4,7,7,6,7,6,6,5,7,7,5,7,7,6,7,5,7,6,3,"yes",14,2,2022-07-14,"women",55
"746",7,7,7,7,6,3,6,7,6,6,7,6,7,6,7,7,7,7,3,6,3,"yes",14,3,2023-10-31,"man",56
"747",4,5,6,4,2,3,6,6,6,3,4,5,5,4,5,4,4,3,7,7,6,"no",13,2,2023-06-03,"women",33
"748",5,5,5,4,7,7,7,4,6,6,2,4,3,6,5,6,5,5,4,3,5,"yes",13,2,2022-09-01,"women",32
"749",6,7,5,3,4,6,6,6,5,3,4,4,4,6,4,4,5,3,7,6,6,"yes",17,5,2022-01-23,"women",37
"750",5,5,7,4,4,4,6,3,7,6,4,4,4,4,6,5,2,3,5,3,2,"yes",21,4,2023-08-15,"man",42
"751",7,7,6,7,5,7,7,6,7,7,7,7,7,7,6,6,7,7,7,7,7,"yes",16,5,2022-11-22,"women",44
"752",7,7,7,7,6,6,7,7,6,7,7,7,6,7,6,7,5,6,7,6,7,"no",27,5,2022-09-25,"women",38
"753",6,2,3,3,3,4,6,6,6,7,4,5,5,3,6,5,7,5,5,5,5,"yes",13,2,2023-11-28,"man",47
"754",7,6,7,7,6,6,5,5,5,6,7,6,6,5,7,7,7,4,5,5,6,"yes",22,6,2022-04-28,"women",40
"755",6,6,7,6,7,6,6,6,7,6,7,7,6,6,7,7,7,7,6,6,6,"yes",18,3,2023-09-29,"women",42
"756",5,6,7,6,6,5,5,4,6,5,6,6,6,6,5,5,5,2,7,7,5,"yes",20,2,2022-01-19,"man",41
"757",4,6,6,6,5,5,5,4,6,6,6,6,5,5,5,6,6,6,6,3,7,"yes",11,3,2022-08-08,"women",45
"758",7,7,7,6,5,3,7,6,6,6,5,7,5,7,7,6,6,7,7,6,6,"yes",20,4,2022-11-29,"women",45
"759",4,4,6,3,2,4,5,5,6,6,3,5,4,4,3,5,6,5,3,4,5,"yes",19,4,2023-08-24,"man",39
"760",5,6,6,3,4,5,4,6,4,6,5,4,4,2,5,6,4,3,6,5,4,"yes",17,4,2022-03-16,"women",18
"761",4,6,4,5,3,5,3,6,6,7,7,7,7,7,5,4,7,5,5,5,7,"no",11,3,2023-07-23,"women",43
"762",6,4,2,6,6,6,3,5,2,5,3,1,4,1,4,7,3,7,4,6,7,"yes",16,4,2023-10-13,"women",34
"763",6,6,6,7,7,7,6,5,7,6,5,7,7,5,6,6,6,7,7,6,6,"no",16,4,2023-10-08,"women",41
"764",5,6,5,4,4,3,5,4,3,5,5,5,5,6,7,4,4,4,3,5,4,"no",15,3,2022-06-19,"women",67
"765",7,6,7,5,5,6,6,7,5,6,5,6,4,2,6,7,7,5,7,7,7,"yes",26,5,2022-12-09,"women",59
"766",5,5,4,4,4,5,6,5,5,5,7,5,6,7,7,6,6,7,5,5,6,"yes",11,3,2024-01-01,"man",58
"767",6,6,5,6,6,6,7,5,5,4,6,5,4,5,4,6,5,6,7,5,5,"no",16,3,2022-07-26,"man",41
"768",4,6,6,6,4,4,4,7,3,7,3,5,4,3,6,6,7,7,6,6,6,"no",21,6,2022-02-27,"women",36
"769",5,3,6,7,7,5,6,5,4,3,6,6,7,6,3,6,6,6,4,6,2,"yes",16,4,2022-05-11,"women",20
"770",3,2,3,5,5,4,3,6,6,4,3,2,1,3,5,4,4,5,5,3,4,"no",12,5,2023-10-31,"women",43
"771",4,3,6,5,3,4,3,4,2,2,3,5,5,4,5,4,4,5,4,6,3,"no",15,2,2023-05-03,"women",48
"772",5,5,7,4,6,5,7,5,5,7,7,6,7,6,5,5,7,6,6,7,7,"yes",12,4,2023-12-23,"man",38
"773",7,7,7,4,6,5,4,6,6,5,6,5,6,6,6,6,7,6,7,5,6,"yes",17,5,2023-01-09,"man",41
"774",7,5,5,6,6,6,4,3,5,6,2,5,4,6,7,6,5,6,4,3,5,"yes",14,4,2023-04-16,"women",24
"775",5,2,5,5,5,6,5,2,6,5,5,5,5,6,6,7,6,6,6,5,4,"yes",10,2,2022-12-13,"women",18
"776",7,7,7,7,7,7,7,7,7,7,7,7,7,7,7,7,6,7,7,6,5,"yes",24,4,2023-11-05,"women",52
"777",7,6,6,3,5,3,3,4,6,7,7,6,4,6,5,5,4,6,5,6,6,"yes",21,6,2022-03-28,"women",43
"778",4,3,4,6,7,6,6,5,6,7,6,6,5,7,6,6,6,5,6,6,6,"yes",7,2,2022-09-27,"women",55
"779",3,5,5,7,5,6,7,6,6,7,5,6,7,6,7,4,6,4,7,5,7,"yes",19,2,2022-05-04,"women",24
"780",3,3,6,6,6,6,4,5,5,5,3,5,5,2,7,5,7,7,4,5,6,"yes",10,1,2023-01-15,"man",38
"781",5,5,7,5,6,6,3,6,3,4,5,5,4,7,6,5,7,7,6,4,5,"yes",12,4,2022-02-02,"women",43
"782",6,3,6,7,6,7,5,5,5,5,5,5,3,5,6,7,6,6,6,4,3,"yes",19,5,2022-04-27,"man",46
"783",6,7,6,7,7,7,6,6,6,6,6,7,5,7,6,6,6,7,4,5,5,"no",22,5,2022-07-09,"women",44
"784",7,7,7,7,7,6,7,7,5,7,7,6,7,5,7,7,6,7,7,5,7,"yes",19,5,2022-04-17,"man",59
"785",5,4,5,3,3,4,7,4,5,2,2,4,4,3,4,5,5,7,5,5,6,"yes",20,4,2022-09-17,"women",43
"786",5,6,7,6,5,6,6,7,7,7,5,6,2,7,4,6,6,6,3,4,6,"yes",21,5,2023-09-26,"women",38
"787",5,2,2,4,7,4,5,2,2,5,3,3,6,6,4,2,5,3,4,2,3,"yes",7,1,2022-07-27,"women",68
"788",4,6,4,7,7,7,7,6,6,7,5,4,2,5,5,3,5,5,5,4,4,"yes",19,3,2023-07-11,"man",38
"789",7,7,7,7,6,7,7,6,7,5,6,5,5,4,6,6,3,4,7,6,7,"unsure",22,6,2022-08-07,"women",32
"790",6,7,7,6,6,7,7,7,7,6,6,5,6,6,5,5,4,7,5,5,7,"yes",19,3,2022-10-18,"women",46
"791",6,4,3,6,4,7,7,6,5,7,6,7,5,5,4,4,7,4,7,7,5,"yes",15,4,2022-04-29,"women",41
"792",4,5,5,7,3,6,6,7,6,6,6,7,7,7,6,6,6,5,4,5,6,"yes",15,4,2022-09-06,"women",51
"793",5,5,5,6,7,5,6,5,7,6,6,6,7,7,4,7,3,3,6,2,5,"yes",16,7,2022-12-13,"women",38
"794",4,3,2,4,5,6,7,5,4,4,4,2,6,5,6,5,2,5,3,7,4,"yes",4,1,2022-11-16,"women",49
"795",4,3,2,5,3,2,4,3,4,4,3,5,3,4,5,3,4,5,6,6,4,"yes",12,2,2022-11-17,"man",32
"796",3,5,4,3,3,2,7,6,6,5,5,7,7,7,6,2,6,6,4,5,3,"no",22,5,2022-01-28,"women",46
"797",7,5,6,6,7,6,7,6,6,7,7,6,7,5,3,7,6,5,5,6,5,"yes",16,3,2022-07-10,"man",53
"798",7,7,7,5,4,5,5,7,5,7,6,6,5,6,7,7,7,6,4,4,6,"yes",21,6,2022-06-09,"women",47
"799",3,5,4,6,5,7,6,3,6,7,7,7,6,7,4,5,6,5,4,6,6,"yes",8,2,2022-11-08,"women",51
"800",4,5,6,4,4,6,4,4,4,4,3,6,3,4,5,4,7,4,6,2,2,"yes",24,5,2022-04-23,"women",35
"801",4,5,2,6,6,4,4,4,4,5,4,3,4,4,7,6,7,7,6,6,7,"yes",11,3,2022-03-17,"man",51
"802",5,6,2,6,7,7,2,3,7,7,5,7,7,5,3,5,3,3,7,5,6,"yes",12,3,2023-12-16,"women",44
"803",4,5,5,6,6,7,6,5,6,7,5,4,5,5,5,2,5,6,7,6,7,"yes",12,3,2022-10-19,"women",30
"804",7,7,6,7,7,7,7,7,7,6,4,6,5,6,7,5,6,6,7,5,7,"no",29,5,2023-03-14,"women",32
"805",6,5,7,4,7,6,7,5,6,6,7,7,7,7,7,7,7,7,5,7,7,"yes",24,5,2022-02-10,"man",35
"806",4,4,5,5,6,7,5,7,4,3,3,3,5,5,7,6,4,5,6,3,5,"yes",12,4,2023-01-20,"women",41
"807",6,6,5,2,2,3,2,1,2,7,2,5,4,4,6,5,6,5,5,2,5,"yes",11,3,2023-10-15,"women",53
"808",3,2,4,5,6,7,6,6,5,6,3,4,5,5,2,6,4,1,3,3,4,"yes",16,5,2022-12-05,"women",50
"809",6,6,5,5,4,4,5,7,4,6,6,5,6,5,7,7,6,7,6,4,4,"yes",21,7,2023-07-24,"women",41
"810",5,6,3,7,5,5,6,5,5,7,6,4,6,4,5,7,7,5,4,5,5,"yes",14,4,2023-11-20,"man",39
"811",6,5,6,4,5,6,5,7,6,7,5,4,4,4,6,6,6,5,6,5,6,"no",17,4,2022-10-21,"man",27
"812",3,4,4,3,3,5,5,4,5,4,3,3,3,4,4,4,3,5,5,4,6,"no",11,4,2022-04-04,"women",50
"813",5,4,6,5,7,6,1,3,4,2,7,5,5,6,6,7,7,7,4,5,6,"yes",15,2,2023-09-12,"man",31
"814",4,6,7,6,6,6,5,4,1,6,7,7,6,6,7,6,6,7,4,6,7,"yes",17,5,2022-07-11,"women",44
"815",5,5,5,6,7,5,7,5,7,5,3,5,5,6,3,5,4,6,4,5,4,"no",17,3,2023-07-30,"women",48
"816",5,5,3,6,5,4,5,4,5,3,5,5,4,4,6,5,2,4,5,6,5,"yes",12,4,2023-10-09,"women",41
"817",5,6,3,5,7,6,6,4,6,7,6,5,4,5,5,5,7,6,7,7,6,"yes",14,4,2022-08-16,"man",29
"818",4,7,7,4,5,5,3,5,5,6,5,6,4,4,3,4,6,5,5,5,5,"yes",24,5,2023-08-24,"women",36
"819",5,4,6,2,4,6,6,7,6,2,5,4,6,6,4,5,5,5,4,6,6,"yes",25,5,2023-03-28,"man",32
"820",6,6,6,4,5,5,6,5,6,6,5,7,7,6,6,6,5,6,6,5,6,"no",19,5,2022-07-20,"women",49
"821",6,7,6,3,5,4,5,4,5,6,3,4,3,3,2,2,3,4,6,6,5,"yes",19,4,2022-10-30,"women",47
"822",7,7,5,7,6,7,6,4,7,7,6,5,7,6,7,6,5,5,5,5,7,"no",22,5,2022-11-11,"women",44
"823",7,7,7,3,2,4,6,5,6,7,4,5,4,4,6,6,5,7,5,7,6,"no",16,4,2022-11-20,"women",42
"824",7,7,7,6,5,2,5,6,4,6,4,4,6,6,5,2,6,6,7,5,3,"yes",25,6,2022-08-25,"women",39
"825",4,6,5,4,3,4,3,4,4,5,6,5,5,5,6,6,4,4,5,7,5,"yes",19,2,2023-01-04,"man",52
"826",6,7,6,3,5,4,7,7,7,6,6,6,6,6,5,7,6,6,6,7,6,"yes",21,5,2022-11-16,"women",30
"827",3,3,6,6,3,6,4,5,5,7,6,6,6,5,6,6,6,6,5,5,5,"yes",10,3,2022-05-26,"man",33
"828",5,4,6,5,5,5,5,6,7,6,6,6,5,6,4,4,5,4,3,7,6,"yes",14,3,2022-08-03,"women",48
"829",5,5,6,4,6,6,7,7,7,6,3,3,6,6,7,5,7,4,5,5,4,"yes",7,1,2022-07-25,"man",55
"830",6,4,6,4,4,6,2,3,2,5,6,6,2,6,5,5,5,5,5,5,6,"yes",13,2,2023-12-19,"women",41
"831",6,6,6,5,6,5,7,6,5,6,4,5,6,5,6,7,7,6,6,5,5,"yes",19,3,2022-06-28,"man",33
"832",5,2,3,4,7,5,6,6,6,7,4,4,6,5,4,5,7,4,7,6,7,"yes",10,3,2022-06-02,"women",38
"833",5,3,6,2,4,4,6,6,6,6,4,5,4,7,7,7,7,7,5,3,2,"yes",15,3,2023-04-08,"man",37
"834",7,7,6,6,3,5,7,7,6,4,5,7,6,5,4,6,5,4,3,3,2,"yes",20,3,2022-10-22,"women",48
"835",5,4,7,3,3,2,5,4,4,7,1,4,2,3,4,2,3,2,4,5,4,"yes",10,2,2023-03-18,"man",45
"836",4,6,5,2,3,3,7,7,6,3,4,7,5,4,5,5,5,5,7,6,7,"yes",9,4,2023-12-27,"man",49
"837",7,5,7,7,6,7,6,6,6,5,6,7,7,7,7,5,6,5,7,7,6,"yes",16,4,2022-01-06,"man",51
"838",6,5,4,6,6,6,4,5,5,4,6,4,6,5,5,4,5,2,4,4,3,"yes",13,4,2023-11-12,"women",53
"839",5,5,4,6,6,6,3,6,6,5,2,1,3,2,5,5,4,5,3,6,6,"no",15,3,2023-11-17,"women",41
"840",6,6,7,3,4,4,6,6,7,7,7,7,7,6,7,6,7,7,2,4,5,"yes",19,3,2023-11-06,"women",26
"841",7,7,7,7,7,5,7,7,6,4,5,4,5,5,4,6,4,5,7,7,7,"no",15,3,2022-09-29,"man",51
"842",5,6,6,6,6,4,7,5,7,5,6,5,6,2,6,5,5,5,5,7,2,"yes",19,3,2023-02-22,"women",62
"843",4,6,6,7,6,6,6,6,6,4,6,7,5,5,2,6,4,5,5,2,4,"yes",13,3,2023-10-11,"man",28
"844",6,6,7,7,7,7,7,7,6,7,6,6,5,5,6,5,5,4,7,5,6,"yes",18,4,2023-08-24,"man",44
"845",5,3,2,6,7,6,3,4,3,4,7,7,7,7,4,5,6,7,5,4,6,"yes",8,2,2023-09-28,"women",45
"846",7,7,7,7,7,7,6,6,3,7,5,7,5,6,5,6,6,6,7,6,7,"yes",22,5,2023-05-01,"man",37
"847",6,7,6,6,4,4,6,4,5,7,5,4,4,6,6,4,7,6,7,6,6,"yes",25,6,2022-07-03,"man",36
"848",5,6,4,7,6,6,6,6,5,3,3,6,5,3,6,6,5,6,6,6,5,"yes",20,3,2022-11-13,"women",40
"849",6,7,6,5,7,6,5,3,6,7,6,5,5,4,6,4,5,4,5,6,4,"yes",28,5,2022-06-02,"women",40
"850",4,3,4,5,3,5,4,3,5,5,7,6,7,6,7,6,7,6,7,6,6,"no",17,4,2023-06-28,"women",41
"851",6,7,6,6,5,3,6,5,7,4,4,2,4,3,4,5,6,5,2,4,5,"no",21,6,2022-06-01,"man",37
"852",2,4,4,6,7,7,6,6,7,6,5,4,6,3,2,3,3,3,7,7,7,"no",16,3,2023-03-22,"women",27
"853",7,7,5,7,7,5,7,6,7,7,5,7,6,6,6,6,4,5,7,6,6,"yes",26,6,2023-12-27,"women",33
"854",7,6,6,7,6,7,4,5,6,7,4,4,1,5,6,5,4,5,5,7,6,"yes",15,1,2023-05-18,"women",28
"855",5,5,5,5,6,5,3,4,5,4,3,4,5,3,4,5,6,5,7,6,5,"no",18,4,2022-01-21,"women",44
"856",6,7,4,5,7,6,4,5,6,5,4,2,5,5,5,6,6,5,3,3,5,"yes",11,3,2022-12-12,"women",40
"857",5,5,4,5,5,3,4,6,5,6,6,6,7,6,5,5,4,2,6,5,4,"yes",17,5,2022-05-03,"women",27
"858",4,6,7,5,7,5,7,7,6,7,7,7,7,6,7,7,7,7,7,7,7,"yes",30,6,2022-07-10,"women",41
"859",6,6,4,5,5,7,7,6,7,5,7,6,7,7,5,5,6,5,5,5,3,"yes",13,2,2022-05-19,"man",50
"860",4,2,6,4,4,4,4,6,6,5,5,6,6,7,1,5,2,4,7,7,6,"yes",11,2,2023-07-15,"man",36
"861",4,4,5,5,5,7,5,5,4,3,5,5,4,6,5,4,6,5,5,5,6,"yes",10,3,2023-04-18,"women",36
"862",4,5,5,7,7,7,6,6,7,6,6,7,6,5,5,4,6,7,6,5,5,"yes",17,3,2023-06-13,"women",40
"863",3,4,4,5,6,6,5,5,5,7,6,5,5,6,5,5,3,5,7,6,4,"yes",9,2,2023-11-19,"man",44
"864",6,5,6,3,6,6,5,3,4,4,5,6,6,6,5,2,3,2,6,6,7,"yes",10,4,2022-07-21,"women",55
"865",7,6,5,4,4,7,7,7,6,6,7,5,7,6,6,6,6,6,5,4,5,"yes",17,5,2023-04-13,"man",46
"866",7,5,6,7,7,7,7,6,4,7,7,7,7,7,6,7,6,6,6,7,6,"yes",19,6,2022-09-29,"women",53
"867",7,7,7,6,5,3,7,7,7,6,6,4,4,5,7,7,6,7,7,6,7,"no",24,5,2022-04-03,"women",59
"868",3,4,2,3,7,6,4,4,4,6,3,5,5,5,6,6,5,6,7,7,6,"yes",8,2,2022-10-23,"women",50
"869",7,7,7,7,7,7,5,6,3,6,6,6,6,4,7,7,5,4,6,6,4,"yes",24,4,2022-01-17,"women",42
"870",4,3,2,4,5,4,6,6,7,3,4,4,7,7,5,6,3,5,6,2,3,"no",10,2,2023-03-24,"man",55
"871",7,6,5,4,3,5,3,5,3,2,6,7,5,6,6,4,6,7,7,6,7,"yes",21,4,2022-11-18,"women",33
"872",5,6,7,3,5,4,6,6,6,7,4,5,5,4,6,7,6,5,6,6,5,"yes",12,4,2023-09-27,"man",40
"873",5,3,2,6,5,6,6,7,6,3,3,5,4,5,3,5,5,1,5,4,4,"yes",14,1,2022-04-17,"women",32
"874",7,7,7,5,6,6,6,3,6,5,6,6,3,6,5,6,5,5,7,7,7,"yes",24,5,2022-10-22,"women",50
"875",5,7,7,6,5,6,4,7,6,5,5,7,7,7,5,6,5,3,7,6,7,"yes",12,2,2022-06-15,"women",49
"876",7,6,7,6,5,6,6,6,7,5,6,6,7,6,7,5,6,6,6,7,7,"yes",17,3,2022-04-21,"man",41
"877",3,6,6,5,5,5,7,6,2,6,4,4,4,3,7,5,6,5,4,6,6,"yes",14,3,2023-02-09,"man",44
"878",4,4,6,6,3,5,5,3,6,5,5,3,6,4,5,7,7,7,5,7,6,"yes",8,4,2022-12-23,"women",44
"879",5,7,6,6,6,4,6,5,5,3,4,4,2,6,7,7,5,6,6,4,6,"yes",13,4,2023-12-21,"women",70
"880",7,7,6,7,6,7,7,6,6,4,7,7,7,6,7,7,7,7,6,7,7,"yes",18,4,2022-04-17,"man",30
"881",3,6,6,6,5,6,4,3,3,5,4,1,2,3,7,5,6,5,4,3,4,"yes",15,2,2023-09-29,"women",48
"882",5,6,6,5,5,3,5,4,6,3,6,6,5,4,5,4,7,6,4,5,6,"yes",26,5,2023-05-05,"women",53
"883",6,7,7,7,7,7,6,4,7,7,5,3,3,3,5,6,5,6,4,5,5,"yes",25,5,2022-08-19,"women",34
"884",5,3,7,6,6,7,7,5,5,3,5,3,6,6,5,5,5,5,3,5,6,"no",14,2,2022-09-19,"women",44
"885",7,7,6,5,6,5,4,5,6,6,5,4,7,5,6,5,5,6,3,4,4,"yes",17,4,2023-08-19,"man",30
"886",1,5,3,4,4,3,5,7,7,7,6,7,7,6,5,6,6,6,5,2,4,"yes",14,3,2022-10-23,"man",46
"887",7,6,6,6,7,5,4,4,6,7,4,5,5,5,6,5,6,6,6,6,7,"yes",14,4,2022-01-24,"women",51
"888",4,7,5,5,5,4,3,4,4,6,5,4,6,6,2,5,4,4,5,6,6,"yes",15,2,2022-04-20,"man",23
"889",7,6,7,7,7,6,6,5,7,6,3,6,4,6,7,6,7,5,6,3,5,"no",22,5,2022-10-16,"women",50
"890",4,4,5,2,2,2,7,5,4,6,6,5,6,4,5,5,5,5,6,3,2,"no",16,4,2023-05-21,"man",60
"891",7,4,6,6,5,7,6,5,6,5,5,6,6,6,5,5,6,6,5,7,7,"no",11,4,2022-11-25,"man",45
"892",7,5,5,6,6,4,7,7,6,5,6,6,7,7,6,5,6,6,6,6,6,"yes",21,4,2023-06-30,"women",39
"893",6,5,7,7,7,7,5,6,4,4,6,5,7,5,5,6,4,5,6,5,5,"yes",21,7,2022-07-17,"man",39
"894",5,5,5,5,6,5,6,5,7,6,5,3,4,3,5,4,3,3,4,4,2,"yes",21,5,2023-12-25,"women",46
"895",5,4,4,4,7,7,7,7,5,7,7,6,7,7,6,4,7,5,6,6,7,"no",21,4,2022-11-06,"women",45
"896",3,5,3,5,5,3,5,4,2,7,5,4,4,6,5,7,4,5,7,7,7,"yes",14,4,2023-02-18,"man",37
"897",5,5,6,5,6,6,6,4,7,7,6,5,5,5,5,5,6,6,4,4,6,"no",13,3,2023-02-13,"women",18
"898",7,5,6,7,1,5,5,6,5,6,6,5,7,6,4,5,5,5,6,5,6,"yes",16,7,2023-07-27,"women",29
"899",6,5,5,4,4,4,3,4,5,7,6,6,6,7,4,3,7,6,5,3,2,"yes",16,2,2022-03-09,"women",43
"900",5,5,5,4,6,5,6,5,4,6,6,5,6,5,6,6,6,5,6,3,2,"yes",17,4,2023-04-14,"women",47
"901",6,5,6,6,5,6,6,7,7,6,6,6,7,7,7,7,7,6,7,7,7,"yes",19,4,2022-06-18,"women",59
"902",4,3,7,5,5,5,6,5,5,6,5,7,7,6,4,3,6,5,5,5,5,"yes",9,2,2022-06-09,"man",36
"903",7,7,6,7,6,6,4,6,7,7,7,6,7,7,7,7,7,7,7,7,7,"no",21,6,2022-01-09,"women",52
"904",6,7,7,7,7,7,7,7,5,7,7,7,7,7,7,6,7,7,7,7,7,"yes",15,3,2022-10-08,"women",44
"905",6,5,5,3,5,4,3,3,3,3,7,7,6,6,6,5,5,5,7,6,4,"yes",22,4,2022-10-15,"women",34
"906",6,7,7,5,5,6,5,4,6,4,4,4,6,5,6,7,7,6,5,3,4,"yes",19,3,2023-12-26,"women",46
"907",5,5,5,5,4,4,4,5,6,2,5,6,5,6,2,2,1,3,3,5,5,"yes",15,5,2022-12-17,"women",45
"908",6,5,7,3,4,4,5,3,4,5,3,5,5,6,5,5,3,4,6,7,6,"yes",14,3,2023-12-16,"women",45
"909",2,2,6,6,5,6,3,5,4,4,7,7,7,7,5,5,6,4,7,7,7,"yes",5,1,2022-05-24,"women",36
"910",7,4,7,3,6,6,4,6,4,5,6,5,6,7,6,7,7,7,5,6,5,"yes",23,5,2023-01-15,"women",53
"911",4,7,7,7,7,7,5,5,5,6,7,7,7,7,7,7,7,7,5,6,6,"yes",14,2,2023-09-07,"women",46
"912",7,7,7,7,6,6,6,5,6,4,6,6,5,4,5,6,4,6,6,4,5,"yes",27,6,2022-05-29,"women",57
"913",5,5,6,6,6,6,4,6,6,2,7,6,7,7,6,6,6,5,3,5,3,"yes",13,4,2022-01-02,"women",39
"914",4,4,5,6,5,2,5,5,3,4,3,6,2,3,6,3,7,6,6,7,5,"yes",10,2,2023-07-15,"man",38
"915",5,7,7,4,2,3,4,3,6,6,5,7,5,6,6,6,5,7,6,6,3,"no",22,5,2022-02-05,"man",40
"916",4,3,5,7,5,5,7,7,6,4,5,6,4,5,5,7,6,4,6,5,4,"yes",12,3,2023-12-05,"women",43
"917",4,4,6,6,7,4,2,4,4,7,7,7,7,7,5,6,7,3,6,5,7,"yes",10,4,2023-07-08,"man",46
"918",7,7,7,6,5,6,5,6,5,7,7,7,7,7,7,7,7,7,7,7,7,"yes",16,5,2023-12-31,"women",37
"919",5,5,5,6,7,6,5,3,5,7,6,5,5,7,6,7,5,5,3,6,3,"no",17,6,2023-10-14,"women",38
"920",5,5,3,5,4,6,6,6,4,5,4,7,5,7,7,4,5,5,7,4,6,"no",7,1,2022-07-23,"women",36
"921",7,7,5,5,4,7,7,7,7,5,5,5,6,7,4,4,2,5,7,7,7,"no",24,6,2022-01-06,"women",32
"922",5,6,5,5,6,5,6,5,5,3,4,6,5,5,4,5,6,6,2,3,3,"yes",24,5,2023-11-13,"women",29
"923",5,3,4,6,5,4,6,6,4,6,6,6,3,5,3,4,5,5,5,7,6,"no",11,2,2022-02-06,"women",34
"924",5,4,6,5,6,4,4,3,5,2,4,4,3,2,3,4,4,5,6,7,5,"no",8,1,2022-10-27,"man",25
"925",4,6,6,6,4,5,5,5,6,5,6,7,5,7,7,7,7,4,7,6,6,"no",14,2,2022-01-19,"women",41
"926",5,7,6,7,6,7,5,4,6,2,3,6,3,1,4,2,4,3,5,6,5,"yes",11,4,2023-10-02,"man",36
"927",7,7,7,3,5,3,4,5,5,5,4,4,3,2,6,6,4,7,4,5,3,"no",21,6,2023-09-05,"women",43
"928",7,5,5,6,7,5,3,5,7,4,4,3,2,3,4,4,4,2,4,5,6,"yes",18,5,2022-06-11,"women",43
"929",5,7,5,7,7,5,4,7,6,7,6,7,6,4,7,7,7,7,7,7,7,"yes",10,3,2022-03-15,"man",38
"930",7,5,6,7,7,6,6,7,7,7,5,5,6,7,7,7,7,7,7,7,7,"yes",22,4,2022-05-11,"man",41
"931",2,6,6,4,4,6,4,5,6,3,5,6,3,6,5,5,6,3,6,5,2,"yes",15,3,2023-02-11,"women",18
"932",5,5,7,5,3,5,3,5,3,4,6,6,6,4,7,7,6,7,6,6,3,"yes",10,1,2022-04-14,"women",46
"933",4,6,5,6,3,6,6,6,6,4,7,6,7,7,7,7,7,7,6,6,6,"yes",20,5,2023-02-20,"women",49
"934",7,7,7,6,6,5,7,5,7,5,7,6,7,5,6,7,7,7,7,6,6,"yes",27,7,2022-05-23,"man",23
"935",7,6,7,5,4,6,7,7,7,6,4,5,4,5,7,7,7,7,7,6,7,"no",22,6,2022-01-26,"women",33
"936",4,5,6,3,7,6,3,6,4,6,7,7,7,6,6,6,7,6,6,7,5,"yes",23,5,2023-06-15,"man",50
"937",6,7,7,7,7,5,6,7,6,7,6,7,7,7,7,7,7,7,7,7,7,"yes",11,4,2022-09-10,"man",28
"938",5,3,3,4,5,5,5,5,6,4,3,4,3,4,7,5,6,7,3,7,6,"yes",6,2,2023-08-21,"man",59
"939",5,5,6,6,5,6,7,7,6,3,5,6,7,7,5,6,5,6,5,5,5,"no",13,3,2022-09-27,"women",29
"940",6,6,7,5,6,6,6,5,7,7,6,4,6,2,3,6,5,5,7,6,6,"yes",20,3,2023-04-02,"man",48
"941",7,7,7,7,5,5,7,6,5,4,5,7,7,7,7,5,5,7,6,5,5,"no",18,4,2023-08-28,"man",42
"942",5,6,7,7,7,6,5,6,6,6,6,7,6,6,7,7,6,7,7,7,7,"yes",20,5,2023-10-13,"man",43
"943",7,6,7,7,7,6,6,5,7,6,6,7,7,7,7,6,7,6,7,7,7,"no",19,4,2023-03-21,"women",49
"944",7,5,6,5,6,2,5,6,6,7,3,4,5,5,5,3,6,6,5,5,5,"yes",18,4,2023-02-19,"women",34
"945",6,6,5,7,6,6,6,4,5,4,7,5,4,7,5,3,6,5,6,5,6,"yes",19,4,2022-04-25,"women",53
"946",4,2,2,6,5,7,6,5,7,7,7,7,6,7,3,6,5,4,5,3,7,"yes",6,2,2022-05-31,"man",34
"947",5,6,5,4,5,3,4,3,4,5,7,6,6,6,4,5,3,7,3,3,3,"yes",17,5,2023-11-23,"man",42
"948",4,5,5,4,5,3,6,5,7,5,4,6,6,4,7,7,6,3,6,6,7,"yes",19,4,2023-03-20,"man",37
"949",4,7,5,6,4,4,3,2,5,3,7,5,5,5,7,7,6,7,4,2,2,"no",17,5,2023-01-13,"man",33
"950",4,5,4,6,4,6,6,5,4,6,3,3,2,4,4,5,5,6,3,5,4,"yes",7,1,2022-09-04,"man",50
"951",4,4,3,5,6,5,5,2,7,4,4,4,7,6,4,3,5,7,7,7,7,"no",13,3,2023-06-28,"man",34
"952",7,5,6,2,5,2,7,6,7,6,4,3,3,3,5,3,4,4,5,2,6,"yes",18,3,2022-03-15,"women",44
"953",7,5,6,6,4,5,3,5,4,4,3,6,3,4,4,3,4,5,5,6,7,"yes",25,6,2022-08-20,"women",40
"954",3,2,3,2,3,3,7,3,5,2,6,5,7,4,5,7,6,5,5,3,3,"yes",13,4,2022-01-08,"women",21
"955",6,4,4,4,6,4,5,6,4,3,7,6,5,5,6,7,6,6,6,3,4,"yes",17,4,2023-06-14,"women",38
"956",4,7,5,4,7,6,3,4,2,5,3,3,6,7,5,5,3,3,7,4,6,"yes",24,7,2023-04-12,"women",41
"957",5,4,6,7,7,6,5,6,4,5,4,6,4,4,6,6,6,7,6,7,6,"yes",20,4,2022-12-31,"women",37
"958",6,7,7,5,7,6,6,6,6,7,5,3,4,6,6,4,7,4,6,7,5,"yes",20,5,2022-08-06,"women",44
"959",6,4,7,6,3,4,3,4,1,7,6,5,5,6,5,6,6,4,4,3,4,"yes",22,4,2023-11-08,"women",59
"960",5,6,5,5,6,6,6,5,7,7,6,3,6,6,2,5,4,5,2,5,5,"yes",23,6,2022-09-13,"man",48
"961",7,7,7,6,4,7,5,7,7,5,7,6,7,5,5,5,7,6,7,4,4,"yes",26,7,2022-02-12,"man",39
"962",7,7,7,4,6,6,5,6,5,6,6,7,7,4,7,5,7,7,7,7,7,"unsure",16,5,2022-09-20,"women",67
"963",6,6,5,3,2,4,4,4,4,6,5,4,6,6,5,6,7,6,7,7,7,"yes",19,3,2022-05-07,"women",18
"964",7,6,6,5,4,5,4,5,4,5,3,3,5,3,5,4,3,3,4,3,7,"yes",19,2,2023-09-20,"women",28
"965",6,4,6,4,6,5,3,3,4,6,5,6,7,5,6,5,7,6,5,4,5,"yes",20,4,2023-08-30,"women",43
"966",5,7,6,6,4,6,4,7,6,3,6,4,6,6,4,5,4,5,7,6,6,"yes",19,2,2023-08-15,"women",55
"967",4,5,4,4,6,5,7,4,7,4,7,6,7,6,5,4,4,5,5,6,5,"yes",13,4,2023-12-27,"man",32
"968",6,6,6,7,7,7,7,7,5,6,7,7,6,5,7,5,7,7,6,6,7,"yes",22,4,2023-10-24,"women",35
"969",7,5,6,6,7,7,5,6,6,7,6,5,6,5,6,7,3,5,6,6,6,"yes",15,3,2023-09-11,"man",37
"970",7,7,7,6,7,5,7,7,7,7,7,7,7,7,7,7,7,7,7,7,7,"no",16,5,2022-07-29,"women",40
"971",6,3,5,5,2,2,4,7,6,3,5,5,4,7,7,5,4,4,3,3,3,"yes",13,3,2023-02-02,"women",48
"972",7,7,7,7,5,7,6,7,4,7,3,5,5,5,5,5,7,5,4,6,3,"no",25,5,2022-09-17,"man",46
"973",6,6,7,4,7,6,4,4,5,7,7,7,6,6,7,2,4,6,4,4,7,"yes",14,3,2022-12-23,"women",36
"974",6,5,4,6,7,3,6,6,6,4,4,2,3,3,7,4,4,4,2,3,4,"no",11,2,2022-07-04,"women",34
"975",3,2,1,7,6,7,6,6,7,4,6,4,6,4,7,5,4,5,2,5,5,"no",4,1,2023-01-31,"women",40
"976",6,3,3,6,7,5,7,6,7,5,5,6,4,5,7,5,4,6,6,5,7,"yes",13,3,2022-12-02,"women",42
"977",4,6,6,7,6,6,6,7,7,4,4,5,4,6,5,2,4,6,4,7,6,"yes",12,3,2023-05-26,"man",48
"978",7,7,6,4,3,6,4,5,7,7,6,7,5,4,4,3,7,7,7,6,7,"no",16,3,2022-03-23,"women",45
"979",6,7,7,6,7,7,4,6,6,6,7,6,6,7,7,7,7,7,4,6,6,"yes",11,1,2022-03-27,"women",43
"980",4,6,5,5,5,6,5,5,5,5,6,6,5,6,6,5,7,6,4,4,5,"no",14,3,2023-08-23,"women",43
"981",7,7,6,7,7,7,7,7,7,7,5,4,7,7,4,4,4,5,7,7,5,"yes",27,6,2022-08-03,"man",25
"982",7,5,6,6,7,7,6,7,5,7,4,4,6,5,6,5,7,7,7,6,7,"yes",20,5,2023-06-14,"women",23
"983",5,4,3,4,5,4,6,7,6,5,3,6,4,5,4,6,6,4,4,4,5,"yes",3,1,2023-07-05,"man",42
"984",6,5,6,3,5,4,3,5,5,3,7,5,6,7,6,6,5,4,5,6,6,"yes",22,6,2023-02-05,"man",38
"985",7,4,4,5,5,6,4,3,5,5,6,3,4,4,7,6,6,4,5,5,6,"yes",19,4,2023-11-11,"man",34
"986",7,7,7,7,7,7,7,6,7,7,7,7,6,7,7,7,7,7,7,6,6,"no",31,8,2023-08-07,"women",48
"987",7,5,4,4,6,6,4,7,5,7,5,5,3,3,3,3,4,2,4,6,4,"yes",17,4,2022-02-24,"women",37
"988",7,6,6,5,6,6,5,6,7,5,6,4,5,7,3,4,6,5,7,7,5,"yes",14,4,2023-11-24,"women",34
"989",2,4,3,7,7,5,5,3,4,5,4,4,4,2,4,5,5,5,5,5,5,"yes",17,4,2022-05-31,"man",41
"990",7,4,4,3,5,2,4,4,4,4,7,3,5,2,4,6,4,5,4,2,3,"no",12,2,2022-09-07,"women",50
"991",6,6,5,2,4,6,6,7,6,5,5,6,5,4,5,5,4,5,6,3,3,"yes",22,5,2022-02-28,"man",23
"992",5,6,5,3,3,3,4,5,5,7,7,6,6,6,6,6,5,6,6,7,6,"yes",13,4,2023-01-10,"women",40
"993",5,6,5,7,7,7,5,7,6,5,5,3,3,3,5,6,4,6,5,1,4,"yes",20,4,2023-11-02,"women",53
"994",6,4,4,6,4,6,5,3,5,4,7,7,6,7,7,7,6,6,6,1,5,"yes",13,4,2023-10-01,"man",49
"995",7,6,6,4,7,7,7,7,7,7,7,6,7,6,7,6,6,5,7,7,6,"yes",17,5,2022-03-09,"women",45
"996",6,5,5,3,5,2,4,1,1,3,7,7,7,6,4,3,5,2,4,6,5,"yes",16,5,2022-04-27,"man",33
"997",6,6,5,6,6,6,6,6,5,5,3,2,2,3,2,5,5,2,6,5,5,"yes",17,4,2023-04-28,"man",40
"998",5,7,6,6,6,7,6,4,6,7,7,7,7,7,6,7,7,7,7,7,6,"yes",22,5,2023-03-10,"women",38
"999",4,5,5,6,5,6,5,4,7,5,5,5,5,5,6,3,6,6,6,5,6,"yes",11,1,2022-05-30,"man",38
"1000",4,3,5,6,7,6,5,5,6,5,4,6,6,6,6,5,6,5,5,7,6,"yes",13,1,2022-04-20,"man",43
